match_id,utc_date,matchday,attendance,team,formation,home_or_away,winner,full_time_home,full_time_away,ball_possession,corner_kicks,fouls,free_kicks,goal_kicks,offsides,red_cards,yellow_cards,yellow_red_cards,saves,shots,shots_on_goal,shots_off_goal,throw_ins,goals_scored,goals_suffered
504020,2024-08-09T19:15:00Z,1,38513,Sporting Clube de Portugal,3-4-3,home,HOME_TEAM,3,1,59.0,6.0,9.0,14.0,4.0,0.0,0,2,0,0.0,24.0,7.0,12.0,18.0,3,1
504020,2024-08-09T19:15:00Z,1,38513,Rio Ave FC,3-4-2-1,away,HOME_TEAM,3,1,41.0,1.0,14.0,9.0,13.0,0.0,0,2,0,4.0,3.0,1.0,2.0,13.0,1,3
504016,2024-08-10T14:30:00Z,1,1596,AVS,4-3-3,home,DRAW,1,1,49.0,4.0,6.0,13.0,9.0,0.0,0,1,0,0.0,16.0,5.0,10.0,18.0,1,1
504016,2024-08-10T14:30:00Z,1,1596,CD Nacional,4-3-3,away,DRAW,1,1,51.0,2.0,12.0,6.0,14.0,1.0,0,1,0,4.0,5.0,1.0,4.0,17.0,1,1
504021,2024-08-10T17:00:00Z,1,1142,Casa Pia AC,3-4-3,home,AWAY_TEAM,0,1,64.0,3.0,11.0,6.0,3.0,3.0,0,2,0,1.0,13.0,2.0,11.0,25.0,0,1
504021,2024-08-10T17:00:00Z,1,1142,Boavista FC,4-1-4-1,away,AWAY_TEAM,0,1,36.0,1.0,5.0,14.0,13.0,1.0,0,1,0,2.0,5.0,2.0,3.0,14.0,1,0
504024,2024-08-10T19:30:00Z,1,46813,FC Porto,4-2-3-1,home,HOME_TEAM,3,0,68.0,7.0,17.0,9.0,3.0,1.0,0,0,0,1.0,15.0,5.0,6.0,14.0,3,0
504024,2024-08-10T19:30:00Z,1,46813,Gil Vicente FC,4-2-3-1,away,HOME_TEAM,3,0,32.0,2.0,8.0,18.0,8.0,1.0,0,2,1,2.0,2.0,1.0,1.0,10.0,0,3
504023,2024-08-11T14:30:00Z,1,1968,GD Estoril Praia,4-3-3,home,AWAY_TEAM,1,4,43.0,1.0,10.0,21.0,5.0,1.0,0,6,0,2.0,4.0,2.0,2.0,21.0,1,4
504023,2024-08-11T14:30:00Z,1,1968,CD Santa Clara,3-4-3,away,AWAY_TEAM,1,4,57.0,3.0,19.0,11.0,9.0,2.0,0,3,0,1.0,9.0,6.0,2.0,11.0,4,1
504017,2024-08-11T17:00:00Z,1,5255,SC Farense,4-2-3-1,home,AWAY_TEAM,1,2,49.0,5.0,14.0,12.0,6.0,1.0,0,0,0,5.0,14.0,7.0,3.0,30.0,1,2
504017,2024-08-11T17:00:00Z,1,5255,Moreirense FC,4-2-3-1,away,AWAY_TEAM,1,2,51.0,4.0,10.0,15.0,9.0,2.0,0,3,1,6.0,11.0,6.0,4.0,21.0,2,1
504018,2024-08-11T17:00:00Z,1,5025,FC Famalicão,4-2-3-1,home,HOME_TEAM,2,0,37.0,0.0,8.0,17.0,8.0,2.0,0,3,0,2.0,9.0,5.0,4.0,26.0,2,0
504018,2024-08-11T17:00:00Z,1,5025,Sport Lisboa e Benfica,4-2-3-1,away,HOME_TEAM,2,0,63.0,7.0,13.0,10.0,6.0,4.0,0,4,0,3.0,10.0,2.0,4.0,28.0,0,2
504022,2024-08-11T19:30:00Z,1,14746,Sporting Clube de Braga,4-1-4-1,home,DRAW,1,1,65.0,13.0,14.0,12.0,3.0,2.0,0,3,0,3.0,11.0,5.0,5.0,29.0,1,1
504022,2024-08-11T19:30:00Z,1,14746,CF Estrela da Amadora,4-4-2,away,DRAW,1,1,35.0,4.0,9.0,16.0,13.0,3.0,0,5,0,4.0,5.0,4.0,1.0,12.0,1,1
504019,2024-08-12T19:15:00Z,1,3394,FC Arouca,4-2-3-1,home,AWAY_TEAM,0,1,63.0,6.0,13.0,13.0,7.0,1.0,0,6,1,4.0,8.0,0.0,4.0,23.0,0,1
504019,2024-08-12T19:15:00Z,1,3394,Vitória SC,4-2-3-1,away,AWAY_TEAM,0,1,37.0,5.0,11.0,14.0,7.0,2.0,0,2,0,0.0,11.0,5.0,4.0,20.0,1,0
504009,2024-08-16T16:00:00Z,2,7022,CD Santa Clara,3-4-3,home,AWAY_TEAM,0,2,36.0,2.0,18.0,14.0,5.0,4.0,1,3,0,4.0,3.0,0.0,3.0,19.0,0,2
504009,2024-08-16T16:00:00Z,2,7022,FC Porto,4-2-3-1,away,AWAY_TEAM,0,2,64.0,2.0,10.0,22.0,5.0,4.0,0,3,0,0.0,7.0,6.0,1.0,29.0,2,0
504013,2024-08-16T19:15:00Z,2,3649,Gil Vicente FC,4-2-3-1,home,HOME_TEAM,4,2,62.0,2.0,5.0,11.0,7.0,0.0,0,1,0,2.0,14.0,6.0,7.0,20.0,4,2
504013,2024-08-16T19:15:00Z,2,3649,AVS,4-3-3,away,HOME_TEAM,4,2,38.0,3.0,11.0,5.0,9.0,0.0,0,4,1,2.0,7.0,4.0,1.0,14.0,2,4
504014,2024-08-17T14:30:00Z,2,3177,Rio Ave FC,3-4-3,home,HOME_TEAM,1,0,56.0,7.0,8.0,16.0,8.0,3.0,0,0,0,5.0,8.0,3.0,4.0,20.0,1,0
504014,2024-08-17T14:30:00Z,2,3177,SC Farense,4-2-3-1,away,HOME_TEAM,1,0,44.0,14.0,14.0,11.0,8.0,2.0,0,1,0,2.0,17.0,5.0,5.0,31.0,0,1
504007,2024-08-17T17:00:00Z,2,5058,CD Nacional,5-4-1,home,AWAY_TEAM,1,6,39.0,4.0,8.0,10.0,9.0,2.0,0,1,0,4.0,11.0,5.0,4.0,6.0,1,6
504007,2024-08-17T17:00:00Z,2,5058,Sporting Clube de Portugal,3-4-3,away,AWAY_TEAM,1,6,61.0,3.0,10.0,10.0,5.0,0.0,0,1,0,5.0,20.0,10.0,5.0,23.0,6,1
504010,2024-08-17T19:30:00Z,2,58926,Sport Lisboa e Benfica,4-2-3-1,home,HOME_TEAM,3,0,62.0,12.0,6.0,14.0,5.0,0.0,0,0,0,1.0,24.0,8.0,9.0,23.0,3,0
504010,2024-08-17T19:30:00Z,2,58926,Casa Pia AC,3-4-3,away,HOME_TEAM,3,0,38.0,2.0,14.0,6.0,15.0,0.0,0,1,0,5.0,5.0,1.0,3.0,27.0,0,3
504012,2024-08-18T14:30:00Z,2,1527,Moreirense FC,4-2-3-1,home,HOME_TEAM,3,1,43.0,6.0,14.0,10.0,8.0,3.0,0,1,0,3.0,13.0,6.0,5.0,13.0,3,1
504012,2024-08-18T14:30:00Z,2,1527,FC Arouca,4-2-3-1,away,HOME_TEAM,3,1,57.0,5.0,10.0,17.0,7.0,0.0,0,2,0,3.0,12.0,4.0,5.0,20.0,1,3
504015,2024-08-18T17:00:00Z,2,17331,Vitória SC,4-3-3,home,HOME_TEAM,1,0,,9.0,9.0,15.0,7.0,1.0,0,2,0,1.0,8.0,3.0,2.0,19.0,1,0
504015,2024-08-18T17:00:00Z,2,17331,GD Estoril Praia,4-3-3,away,HOME_TEAM,1,0,,3.0,14.0,10.0,5.0,1.0,0,1,0,2.0,2.0,1.0,1.0,24.0,0,1
504011,2024-08-18T19:30:00Z,2,7119,Boavista FC,4-1-4-1,home,AWAY_TEAM,0,1,32.0,3.0,7.0,9.0,6.0,5.0,0,3,0,1.0,6.0,1.0,3.0,6.0,0,1
504011,2024-08-18T19:30:00Z,2,7119,Sporting Clube de Braga,4-2-3-1,away,AWAY_TEAM,0,1,68.0,8.0,6.0,12.0,3.0,3.0,0,1,0,1.0,10.0,2.0,3.0,26.0,1,0
504008,2024-08-19T19:15:00Z,2,4769,CF Estrela da Amadora,4-4-2,home,AWAY_TEAM,0,3,51.0,2.0,10.0,16.0,4.0,2.0,0,3,0,1.0,9.0,1.0,7.0,27.0,0,3
504008,2024-08-19T19:15:00Z,2,4769,FC Famalicão,4-2-3-1,away,AWAY_TEAM,0,3,49.0,4.0,16.0,12.0,14.0,0.0,0,1,0,1.0,12.0,4.0,3.0,29.0,3,0
504004,2024-08-23T19:15:00Z,3,17793,SC Farense,4-2-3-1,home,AWAY_TEAM,0,5,26.0,1.0,17.0,7.0,12.0,1.0,0,4,0,3.0,4.0,1.0,2.0,16.0,0,5
504004,2024-08-23T19:15:00Z,3,17793,Sporting Clube de Portugal,3-4-3,away,AWAY_TEAM,0,5,74.0,5.0,5.0,18.0,4.0,2.0,0,1,0,1.0,21.0,7.0,8.0,17.0,5,0
504003,2024-08-24T14:30:00Z,3,1188,Casa Pia AC,3-5-2,home,AWAY_TEAM,0,2,59.0,7.0,12.0,21.0,6.0,0.0,0,3,1,2.0,8.0,2.0,5.0,36.0,0,2
504003,2024-08-24T14:30:00Z,3,1188,CD Santa Clara,3-4-3,away,AWAY_TEAM,0,2,41.0,1.0,21.0,12.0,8.0,0.0,0,4,0,2.0,6.0,4.0,1.0,23.0,2,0
504002,2024-08-24T17:00:00Z,3,47113,FC Porto,4-2-3-1,home,HOME_TEAM,2,0,66.0,9.0,13.0,16.0,0.0,1.0,0,0,0,0.0,21.0,11.0,9.0,23.0,2,0
504002,2024-08-24T17:00:00Z,3,47113,Rio Ave FC,3-4-3,away,HOME_TEAM,2,0,34.0,3.0,15.0,14.0,14.0,1.0,0,1,1,9.0,0.0,0.0,0.0,12.0,0,2
503999,2024-08-24T19:30:00Z,3,59490,Sport Lisboa e Benfica,4-2-3-1,home,HOME_TEAM,1,0,54.0,12.0,19.0,12.0,7.0,4.0,0,4,0,0.0,14.0,7.0,2.0,18.0,1,0
503999,2024-08-24T19:30:00Z,3,59490,CF Estrela da Amadora,4-4-2,away,HOME_TEAM,1,0,46.0,2.0,12.0,23.0,6.0,0.0,0,3,0,6.0,5.0,0.0,4.0,24.0,0,1
504005,2024-08-24T19:30:00Z,3,4319,FC Famalicão,4-2-3-1,home,HOME_TEAM,1,0,64.0,6.0,17.0,19.0,3.0,1.0,0,1,0,2.0,9.0,3.0,3.0,27.0,1,0
504005,2024-08-24T19:30:00Z,3,4319,Boavista FC,4-1-4-1,away,HOME_TEAM,1,0,36.0,3.0,17.0,18.0,7.0,2.0,0,3,0,2.0,4.0,2.0,1.0,30.0,0,1
503998,2024-08-25T14:30:00Z,3,2081,FC Arouca,4-2-3-1,home,HOME_TEAM,1,0,47.0,9.0,17.0,12.0,16.0,1.0,0,2,0,0.0,8.0,3.0,3.0,22.0,1,0
503998,2024-08-25T14:30:00Z,3,2081,CD Nacional,4-3-3,away,HOME_TEAM,1,0,53.0,3.0,12.0,18.0,7.0,0.0,0,6,0,2.0,11.0,0.0,8.0,28.0,0,1
504001,2024-08-25T17:00:00Z,3,2010,GD Estoril Praia,4-3-3,home,DRAW,0,0,46.0,8.0,19.0,8.0,11.0,0.0,0,4,0,4.0,13.0,3.0,7.0,22.0,0,0
504001,2024-08-25T17:00:00Z,3,2010,Gil Vicente FC,4-2-3-1,away,DRAW,0,0,54.0,1.0,7.0,19.0,13.0,1.0,0,1,0,3.0,11.0,4.0,5.0,14.0,0,0
504000,2024-08-25T19:30:00Z,3,14155,Sporting Clube de Braga,4-2-3-1,home,HOME_TEAM,3,1,63.0,6.0,12.0,9.0,5.0,5.0,0,0,0,2.0,15.0,5.0,7.0,24.0,3,1
504000,2024-08-25T19:30:00Z,3,14155,Moreirense FC,4-2-3-1,away,HOME_TEAM,3,1,37.0,1.0,7.0,17.0,10.0,2.0,0,2,0,2.0,10.0,3.0,3.0,12.0,1,3
504006,2024-08-25T19:30:00Z,3,4485,AVS,4-4-2,home,HOME_TEAM,1,0,38.0,3.0,14.0,17.0,10.0,6.0,0,4,0,5.0,11.0,2.0,6.0,16.0,1,0
504006,2024-08-25T19:30:00Z,3,4485,Vitória SC,4-3-3,away,HOME_TEAM,1,0,62.0,6.0,14.0,20.0,7.0,3.0,0,3,0,1.0,10.0,5.0,4.0,32.0,0,1
503991,2024-08-30T19:15:00Z,4,5817,Moreirense FC,4-2-3-1,home,DRAW,1,1,34.0,0.0,16.0,11.0,15.0,0.0,0,3,0,3.0,6.0,4.0,1.0,18.0,1,1
503991,2024-08-30T19:15:00Z,4,5817,Sport Lisboa e Benfica,4-2-3-1,away,DRAW,1,1,66.0,8.0,9.0,16.0,2.0,2.0,0,5,0,3.0,14.0,4.0,8.0,50.0,1,1
503994,2024-08-31T14:30:00Z,4,1935,CD Santa Clara,3-4-3,home,HOME_TEAM,2,1,47.0,2.0,5.0,3.0,4.0,0.0,0,0,0,1.0,9.0,3.0,3.0,7.0,2,1
503994,2024-08-31T14:30:00Z,4,1935,AVS,4-2-3-1,away,HOME_TEAM,2,1,53.0,0.0,3.0,5.0,6.0,0.0,0,0,0,2.0,5.0,2.0,3.0,18.0,1,2
503990,2024-08-31T17:00:00Z,4,3956,Boavista FC,4-1-4-1,home,DRAW,0,0,,,,,,,0,0,0,,,,,,0,0
503990,2024-08-31T17:00:00Z,4,3956,GD Estoril Praia,4-3-3,away,DRAW,0,0,,,,,,,0,0,0,,,,,,0,0
503997,2024-08-31T17:00:00Z,4,3471,CF Estrela da Amadora,4-4-1-1,home,AWAY_TEAM,0,1,65.0,0.0,0.0,0.0,0.0,0.0,0,0,0,0.0,0.0,0.0,0.0,0.0,0,1
503997,2024-08-31T17:00:00Z,4,3471,Casa Pia AC,3-5-2,away,AWAY_TEAM,0,1,35.0,0.0,0.0,0.0,0.0,0.0,0,0,0,0.0,0.0,0.0,0.0,0.0,1,0
503989,2024-08-31T19:30:00Z,4,46413,Sporting Clube de Portugal,3-4-2-1,home,HOME_TEAM,2,0,57.0,2.0,11.0,17.0,7.0,0.0,0,1,0,2.0,13.0,3.0,6.0,12.0,2,0
503989,2024-08-31T19:30:00Z,4,46413,FC Porto,4-2-3-1,away,HOME_TEAM,2,0,43.0,3.0,17.0,11.0,7.0,0.0,0,5,0,1.0,8.0,2.0,3.0,19.0,0,2
503996,2024-09-01T14:30:00Z,4,2038,CD Nacional,4-3-3,home,HOME_TEAM,2,0,46.0,4.0,19.0,20.0,7.0,0.0,0,3,0,0.0,16.0,4.0,7.0,27.0,2,0
503996,2024-09-01T14:30:00Z,4,2038,SC Farense,4-4-1-1,away,HOME_TEAM,2,0,54.0,4.0,15.0,19.0,9.0,5.0,0,3,0,4.0,13.0,0.0,6.0,40.0,0,2
503993,2024-09-01T17:00:00Z,4,2558,Rio Ave FC,3-4-3,home,HOME_TEAM,1,0,59.0,8.0,14.0,22.0,11.0,2.0,0,1,0,3.0,13.0,6.0,4.0,18.0,1,0
503993,2024-09-01T17:00:00Z,4,2558,FC Arouca,4-2-3-1,away,HOME_TEAM,1,0,41.0,8.0,19.0,16.0,5.0,3.0,0,3,0,5.0,11.0,3.0,8.0,16.0,0,1
503992,2024-09-01T19:30:00Z,4,7140,Gil Vicente FC,4-2-3-1,home,DRAW,0,0,49.0,4.0,9.0,20.0,11.0,2.0,0,4,0,2.0,9.0,5.0,2.0,21.0,0,0
503992,2024-09-01T19:30:00Z,4,7140,Sporting Clube de Braga,4-2-3-1,away,DRAW,0,0,51.0,5.0,18.0,11.0,3.0,2.0,0,1,0,3.0,6.0,2.0,3.0,29.0,0,0
503995,2024-09-01T19:30:00Z,4,20134,Vitória SC,4-3-3,home,HOME_TEAM,2,1,49.0,5.0,17.0,11.0,9.0,3.0,0,5,0,2.0,9.0,6.0,3.0,20.0,2,1
503995,2024-09-01T19:30:00Z,4,20134,FC Famalicão,4-2-3-1,away,HOME_TEAM,2,1,51.0,7.0,11.0,20.0,8.0,0.0,0,3,0,4.0,7.0,3.0,4.0,20.0,1,2
503982,2024-09-13T19:15:00Z,5,4644,FC Arouca,3-4-3,home,AWAY_TEAM,0,3,34.0,2.0,12.0,13.0,9.0,2.0,0,3,0,6.0,5.0,2.0,1.0,10.0,0,3
503982,2024-09-13T19:15:00Z,5,4644,Sporting Clube de Portugal,3-4-3,away,AWAY_TEAM,0,3,66.0,8.0,11.0,14.0,2.0,2.0,0,0,0,2.0,21.0,7.0,5.0,16.0,3,0
503980,2024-09-14T14:30:00Z,5,1248,Casa Pia AC,3-4-3,home,HOME_TEAM,3,1,43.0,4.0,23.0,11.0,10.0,0.0,0,5,0,2.0,16.0,5.0,4.0,17.0,3,1
503980,2024-09-14T14:30:00Z,5,1248,Moreirense FC,4-2-3-1,away,HOME_TEAM,3,1,57.0,5.0,10.0,23.0,9.0,1.0,0,2,0,2.0,13.0,2.0,7.0,18.0,1,3
503988,2024-09-14T17:00:00Z,5,2151,AVS,4-2-3-1,home,HOME_TEAM,1,0,38.0,4.0,15.0,16.0,8.0,3.0,0,4,0,3.0,11.0,3.0,5.0,24.0,1,0
503988,2024-09-14T17:00:00Z,5,2151,Rio Ave FC,3-4-3,away,HOME_TEAM,1,0,62.0,11.0,13.0,18.0,12.0,3.0,0,2,0,2.0,16.0,3.0,6.0,16.0,0,1
503981,2024-09-14T19:30:00Z,5,60145,Sport Lisboa e Benfica,4-2-3-1,home,HOME_TEAM,4,1,60.0,5.0,14.0,6.0,6.0,4.0,0,1,0,2.0,15.0,8.0,5.0,27.0,4,1
503981,2024-09-14T19:30:00Z,5,60145,CD Santa Clara,3-4-3,away,HOME_TEAM,4,1,40.0,1.0,6.0,18.0,8.0,0.0,0,3,0,4.0,6.0,3.0,2.0,16.0,1,4
503985,2024-09-14T19:30:00Z,5,4112,FC Famalicão,4-2-3-1,home,DRAW,1,1,58.0,8.0,13.0,19.0,9.0,1.0,0,1,0,2.0,11.0,4.0,6.0,17.0,1,1
503985,2024-09-14T19:30:00Z,5,4112,Gil Vicente FC,4-3-3,away,DRAW,1,1,42.0,1.0,15.0,14.0,9.0,4.0,0,0,0,3.0,7.0,3.0,4.0,26.0,1,1
503986,2024-09-15T14:30:00Z,5,47013,FC Porto,4-2-3-1,home,HOME_TEAM,2,1,67.0,11.0,7.0,19.0,8.0,3.0,0,2,0,5.0,23.0,12.0,8.0,24.0,2,1
503986,2024-09-15T14:30:00Z,5,47013,SC Farense,5-4-1,away,HOME_TEAM,2,1,33.0,0.0,18.0,10.0,14.0,1.0,0,3,0,10.0,12.0,6.0,5.0,9.0,1,2
503983,2024-09-15T17:00:00Z,5,2128,GD Estoril Praia,4-3-3,home,HOME_TEAM,1,0,52.0,3.0,22.0,13.0,19.0,1.0,0,2,0,3.0,10.0,2.0,6.0,28.0,1,0
503983,2024-09-15T17:00:00Z,5,2128,CD Nacional,4-3-3,away,HOME_TEAM,1,0,48.0,4.0,12.0,23.0,8.0,1.0,1,1,0,1.0,15.0,3.0,10.0,22.0,0,1
503984,2024-09-15T19:30:00Z,5,21215,Sporting Clube de Braga,4-2-3-1,home,AWAY_TEAM,0,2,53.0,6.0,17.0,17.0,7.0,2.0,1,3,0,2.0,5.0,2.0,2.0,19.0,0,2
503984,2024-09-15T19:30:00Z,5,21215,Vitória SC,4-3-3,away,AWAY_TEAM,0,2,47.0,4.0,15.0,19.0,6.0,2.0,0,3,0,2.0,9.0,4.0,4.0,17.0,2,0
503987,2024-09-16T19:15:00Z,5,3476,CF Estrela da Amadora,4-4-2,home,DRAW,2,2,68.0,9.0,7.0,21.0,8.0,4.0,0,3,0,2.0,16.0,4.0,11.0,31.0,2,2
503987,2024-09-16T19:15:00Z,5,3476,Boavista FC,4-2-3-1,away,DRAW,2,2,32.0,2.0,17.0,11.0,19.0,4.0,0,4,0,2.0,11.0,4.0,6.0,27.0,2,2
503974,2024-09-20T19:15:00Z,6,2459,CD Nacional,4-3-3,home,AWAY_TEAM,0,3,46.0,6.0,12.0,16.0,10.0,3.0,0,3,0,3.0,12.0,1.0,6.0,21.0,0,3
503974,2024-09-20T19:15:00Z,6,2459,Sporting Clube de Braga,4-2-3-1,away,AWAY_TEAM,0,3,54.0,6.0,16.0,15.0,12.0,0.0,0,3,0,1.0,12.0,6.0,4.0,20.0,3,0
503973,2024-09-21T14:30:00Z,6,2123,CD Santa Clara,3-4-3,home,HOME_TEAM,1,0,47.0,3.0,18.0,19.0,6.0,5.0,0,2,0,5.0,7.0,4.0,3.0,23.0,1,0
503973,2024-09-21T14:30:00Z,6,2123,CF Estrela da Amadora,4-2-3-1,away,HOME_TEAM,1,0,53.0,8.0,17.0,23.0,5.0,2.0,0,3,0,3.0,11.0,5.0,4.0,36.0,0,1
503978,2024-09-21T14:30:00Z,6,3014,Rio Ave FC,3-4-2-1,home,DRAW,2,2,49.0,7.0,16.0,11.0,5.0,6.0,0,2,0,1.0,16.0,7.0,5.0,22.0,2,2
503978,2024-09-21T14:30:00Z,6,3014,GD Estoril Praia,4-3-3,away,DRAW,2,2,51.0,4.0,9.0,22.0,7.0,2.0,0,2,0,5.0,7.0,3.0,3.0,13.0,2,2
503972,2024-09-21T17:00:00Z,6,26377,Vitória SC,4-2-3-1,home,AWAY_TEAM,0,3,46.0,5.0,5.0,18.0,8.0,1.0,0,4,0,1.0,6.0,1.0,3.0,13.0,0,3
503972,2024-09-21T17:00:00Z,6,26377,FC Porto,4-2-3-1,away,AWAY_TEAM,0,3,54.0,6.0,17.0,6.0,9.0,1.0,0,4,0,1.0,10.0,4.0,4.0,22.0,3,0
503977,2024-09-21T19:30:00Z,6,2022,Moreirense FC,4-2-3-1,home,DRAW,0,0,43.0,4.0,24.0,18.0,6.0,3.0,0,5,0,1.0,8.0,3.0,4.0,20.0,0,0
503977,2024-09-21T19:30:00Z,6,2022,FC Famalicão,4-2-3-1,away,DRAW,0,0,57.0,3.0,15.0,27.0,8.0,3.0,0,3,0,3.0,6.0,1.0,2.0,18.0,0,0
503979,2024-09-22T14:30:00Z,6,3825,Gil Vicente FC,4-3-3,home,DRAW,1,1,59.0,9.0,6.0,25.0,4.0,0.0,0,2,0,3.0,12.0,3.0,4.0,14.0,1,1
503979,2024-09-22T14:30:00Z,6,3825,Casa Pia AC,3-4-3,away,DRAW,1,1,41.0,2.0,24.0,6.0,6.0,1.0,0,5,0,2.0,10.0,4.0,3.0,14.0,1,1
503975,2024-09-22T17:00:00Z,6,5057,SC Farense,5-4-1,home,AWAY_TEAM,0,1,48.0,10.0,22.0,16.0,9.0,2.0,0,1,0,2.0,16.0,4.0,8.0,27.0,0,1
503975,2024-09-22T17:00:00Z,6,5057,FC Arouca,4-2-3-1,away,AWAY_TEAM,0,1,52.0,6.0,15.0,24.0,13.0,1.0,0,4,0,4.0,10.0,3.0,3.0,33.0,1,0
503976,2024-09-22T19:30:00Z,6,43030,Sporting Clube de Portugal,3-4-3,home,HOME_TEAM,3,0,68.0,9.0,11.0,13.0,2.0,1.0,0,0,0,1.0,20.0,10.0,7.0,22.0,3,0
503976,2024-09-22T19:30:00Z,6,43030,AVS,5-4-1,away,HOME_TEAM,3,0,32.0,1.0,12.0,12.0,10.0,1.0,0,3,0,8.0,2.0,1.0,1.0,8.0,0,3
503971,2024-09-23T19:15:00Z,6,16151,Boavista FC,4-1-4-1,home,AWAY_TEAM,0,3,34.0,4.0,9.0,14.0,8.0,1.0,0,2,0,4.0,6.0,3.0,2.0,12.0,0,3
503971,2024-09-23T19:15:00Z,6,16151,Sport Lisboa e Benfica,4-2-3-1,away,AWAY_TEAM,0,3,66.0,5.0,10.0,10.0,6.0,4.0,0,0,0,3.0,15.0,7.0,5.0,21.0,3,0
503965,2024-09-27T19:15:00Z,7,4658,GD Estoril Praia,4-3-3,home,AWAY_TEAM,0,3,32.0,1.0,13.0,9.0,13.0,2.0,0,2,0,2.0,4.0,2.0,2.0,8.0,0,3
503965,2024-09-27T19:15:00Z,7,4658,Sporting Clube de Portugal,3-4-2-1,away,AWAY_TEAM,0,3,68.0,14.0,8.0,15.0,4.0,1.0,0,0,0,2.0,21.0,5.0,9.0,12.0,3,0
503966,2024-09-28T14:30:00Z,7,2987,CF Estrela da Amadora,4-2-3-1,home,HOME_TEAM,2,1,43.0,2.0,26.0,21.0,10.0,3.0,0,3,0,1.0,4.0,2.0,1.0,17.0,2,1
503966,2024-09-28T14:30:00Z,7,2987,Moreirense FC,4-2-3-1,away,HOME_TEAM,2,1,57.0,7.0,18.0,29.0,1.0,3.0,0,3,0,0.0,13.0,2.0,8.0,24.0,1,2
503962,2024-09-28T17:00:00Z,7,2632,Casa Pia AC,3-4-3,home,DRAW,1,1,43.0,7.0,13.0,9.0,17.0,0.0,0,2,0,6.0,10.0,3.0,5.0,19.0,1,1
503962,2024-09-28T17:00:00Z,7,2632,Vitória SC,4-2-3-1,away,DRAW,1,1,57.0,9.0,8.0,13.0,7.0,1.0,0,0,0,2.0,17.0,5.0,6.0,18.0,1,1
503963,2024-09-28T19:30:00Z,7,58965,Sport Lisboa e Benfica,4-3-3,home,HOME_TEAM,5,1,49.0,11.0,10.0,6.0,10.0,2.0,0,1,0,2.0,17.0,6.0,7.0,8.0,5,1
503963,2024-09-28T19:30:00Z,7,58965,Gil Vicente FC,4-4-2,away,HOME_TEAM,5,1,51.0,2.0,6.0,12.0,10.0,0.0,0,2,0,1.0,8.0,3.0,4.0,22.0,1,5
503970,2024-09-29T14:30:00Z,7,3974,FC Famalicão,4-2-3-1,home,DRAW,0,0,66.0,8.0,13.0,24.0,6.0,1.0,0,1,0,4.0,14.0,5.0,3.0,24.0,0,0
503970,2024-09-29T14:30:00Z,7,3974,CD Nacional,4-3-3,away,DRAW,0,0,34.0,4.0,22.0,14.0,10.0,2.0,0,4,0,5.0,11.0,4.0,5.0,29.0,0,0
503968,2024-09-29T17:00:00Z,7,44209,FC Porto,4-2-3-1,home,HOME_TEAM,4,0,57.0,8.0,17.0,10.0,6.0,1.0,0,2,0,0.0,24.0,7.0,11.0,19.0,4,0
503968,2024-09-29T17:00:00Z,7,44209,FC Arouca,4-2-3-1,away,HOME_TEAM,4,0,43.0,2.0,8.0,18.0,17.0,2.0,0,2,1,3.0,4.0,0.0,3.0,10.0,0,4
503964,2024-09-29T19:30:00Z,7,11888,Sporting Clube de Braga,4-2-3-1,home,HOME_TEAM,4,0,54.0,4.0,13.0,17.0,10.0,6.0,0,0,0,4.0,17.0,9.0,7.0,16.0,4,0
503964,2024-09-29T19:30:00Z,7,11888,Rio Ave FC,3-4-2-1,away,HOME_TEAM,4,0,46.0,5.0,9.0,19.0,12.0,8.0,0,1,0,5.0,14.0,4.0,5.0,13.0,0,4
503967,2024-09-29T19:30:00Z,7,1320,CD Santa Clara,3-4-3,home,HOME_TEAM,1,0,59.0,3.0,11.0,10.0,3.0,3.0,0,3,0,2.0,16.0,4.0,8.0,27.0,1,0
503967,2024-09-29T19:30:00Z,7,1320,Boavista FC,5-4-1,away,HOME_TEAM,1,0,41.0,0.0,9.0,14.0,12.0,1.0,0,3,0,3.0,3.0,2.0,1.0,22.0,0,1
503969,2024-09-30T19:15:00Z,7,1615,AVS,4-2-3-1,home,DRAW,0,0,58.0,6.0,17.0,9.0,4.0,0.0,0,4,0,3.0,10.0,1.0,8.0,30.0,0,0
503969,2024-09-30T19:15:00Z,7,1615,SC Farense,5-4-1,away,DRAW,0,0,42.0,3.0,9.0,17.0,13.0,0.0,0,3,0,1.0,7.0,3.0,3.0,21.0,0,0
503959,2024-10-04T19:15:00Z,8,2708,Rio Ave FC,3-4-3,home,DRAW,1,1,49.0,11.0,17.0,18.0,4.0,6.0,0,4,0,2.0,11.0,6.0,3.0,23.0,1,1
503959,2024-10-04T19:15:00Z,8,2708,FC Famalicão,4-2-3-1,away,DRAW,1,1,51.0,7.0,13.0,23.0,6.0,5.0,0,3,0,5.0,8.0,3.0,2.0,23.0,1,1
503958,2024-10-05T14:30:00Z,8,1798,Moreirense FC,4-2-3-1,home,HOME_TEAM,1,0,55.0,1.0,10.0,16.0,5.0,0.0,0,0,0,6.0,10.0,2.0,5.0,31.0,1,0
503958,2024-10-05T14:30:00Z,8,1798,CD Santa Clara,3-4-3,away,HOME_TEAM,1,0,45.0,7.0,14.0,10.0,9.0,2.0,0,3,0,2.0,11.0,6.0,2.0,21.0,0,1
503960,2024-10-05T14:30:00Z,8,2709,Gil Vicente FC,4-3-3,home,HOME_TEAM,3,0,55.0,0.0,12.0,17.0,7.0,2.0,0,2,0,2.0,6.0,4.0,2.0,18.0,3,0
503960,2024-10-05T14:30:00Z,8,2709,CF Estrela da Amadora,4-3-3,away,HOME_TEAM,3,0,45.0,8.0,16.0,14.0,2.0,1.0,0,1,0,2.0,8.0,2.0,3.0,18.0,0,3
503954,2024-10-05T17:00:00Z,8,1113,FC Arouca,3-4-3,home,DRAW,1,1,59.0,5.0,7.0,14.0,9.0,2.0,0,3,0,2.0,10.0,2.0,7.0,30.0,1,1
503954,2024-10-05T17:00:00Z,8,1113,AVS,4-2-3-1,away,DRAW,1,1,41.0,7.0,12.0,9.0,13.0,2.0,0,2,0,1.0,12.0,3.0,5.0,22.0,1,1
503957,2024-10-05T19:30:00Z,8,42887,Sporting Clube de Portugal,3-4-3,home,HOME_TEAM,2,0,79.0,5.0,9.0,15.0,3.0,1.0,0,1,0,1.0,23.0,6.0,10.0,22.0,2,0
503957,2024-10-05T19:30:00Z,8,42887,Casa Pia AC,3-4-3,away,HOME_TEAM,2,0,21.0,3.0,11.0,10.0,18.0,4.0,0,2,0,4.0,5.0,1.0,3.0,6.0,0,2
503956,2024-10-06T14:30:00Z,8,15961,Vitória SC,4-3-3,home,DRAW,2,2,59.0,6.0,17.0,16.0,8.0,1.0,0,4,0,2.0,10.0,3.0,4.0,16.0,2,2
503956,2024-10-06T14:30:00Z,8,15961,Boavista FC,5-3-2,away,DRAW,2,2,41.0,5.0,15.0,18.0,10.0,1.0,0,5,0,1.0,9.0,4.0,3.0,19.0,2,2
503961,2024-10-06T14:30:00Z,8,4921,SC Farense,3-4-3,home,HOME_TEAM,1,0,49.0,5.0,17.0,11.0,7.0,2.0,0,4,0,2.0,15.0,2.0,9.0,26.0,1,0
503961,2024-10-06T14:30:00Z,8,4921,GD Estoril Praia,4-3-3,away,HOME_TEAM,1,0,51.0,4.0,11.0,19.0,11.0,0.0,0,3,0,1.0,7.0,2.0,3.0,16.0,0,1
503953,2024-10-06T19:30:00Z,8,44813,FC Porto,4-2-3-1,home,HOME_TEAM,2,1,54.0,1.0,13.0,9.0,14.0,2.0,0,2,0,3.0,7.0,3.0,3.0,21.0,2,1
503953,2024-10-06T19:30:00Z,8,44813,Sporting Clube de Braga,4-2-3-1,away,HOME_TEAM,2,1,46.0,5.0,6.0,15.0,5.0,3.0,0,2,0,1.0,14.0,4.0,7.0,29.0,1,2
503944,2024-10-25T17:45:00Z,9,1004,Casa Pia AC,3-4-2-1,home,HOME_TEAM,1,0,45.0,7.0,17.0,14.0,18.0,0.0,1,3,0,7.0,9.0,5.0,3.0,16.0,1,0
503944,2024-10-25T17:45:00Z,9,1004,CD Nacional,4-3-3,away,HOME_TEAM,1,0,55.0,7.0,11.0,17.0,5.0,3.0,0,3,0,4.0,20.0,6.0,12.0,18.0,0,1
503951,2024-10-25T19:45:00Z,9,1676,CD Santa Clara,3-4-2-1,home,HOME_TEAM,2,1,41.0,6.0,16.0,18.0,6.0,0.0,0,3,0,0.0,14.0,2.0,9.0,16.0,2,1
503951,2024-10-25T19:45:00Z,9,1676,Gil Vicente FC,4-3-3,away,HOME_TEAM,2,1,59.0,4.0,16.0,16.0,9.0,2.0,0,5,0,0.0,7.0,1.0,3.0,25.0,1,2
503950,2024-10-26T14:30:00Z,9,1686,GD Estoril Praia,4-3-3,home,HOME_TEAM,4,1,31.0,6.0,18.0,18.0,10.0,0.0,0,4,0,4.0,12.0,5.0,6.0,17.0,4,1
503950,2024-10-26T14:30:00Z,9,1686,FC Arouca,4-2-3-1,away,HOME_TEAM,4,1,69.0,9.0,15.0,18.0,8.0,3.0,0,2,0,1.0,12.0,3.0,7.0,13.0,1,4
503946,2024-10-26T17:00:00Z,9,3697,Boavista FC,3-4-1-2,home,AWAY_TEAM,0,2,49.0,4.0,17.0,15.0,7.0,2.0,0,1,0,6.0,12.0,4.0,6.0,28.0,0,2
503946,2024-10-26T17:00:00Z,9,3697,Moreirense FC,4-2-3-1,away,AWAY_TEAM,0,2,51.0,3.0,14.0,19.0,10.0,1.0,0,3,0,4.0,16.0,8.0,7.0,20.0,2,0
503949,2024-10-26T19:30:00Z,9,4520,FC Famalicão,4-2-3-1,home,AWAY_TEAM,0,3,51.0,4.0,7.0,12.0,9.0,3.0,0,1,0,7.0,5.0,1.0,3.0,16.0,0,3
503949,2024-10-26T19:30:00Z,9,4520,Sporting Clube de Portugal,3-4-2-1,away,AWAY_TEAM,0,3,49.0,8.0,10.0,10.0,3.0,2.0,0,1,0,1.0,22.0,10.0,6.0,24.0,3,0
503948,2024-10-27T15:30:00Z,9,12841,Sporting Clube de Braga,3-4-1-2,home,HOME_TEAM,2,0,66.0,10.0,12.0,14.0,4.0,2.0,0,1,0,1.0,15.0,5.0,6.0,19.0,2,0
503948,2024-10-27T15:30:00Z,9,12841,SC Farense,5-4-1,away,HOME_TEAM,2,0,34.0,3.0,12.0,14.0,12.0,2.0,0,2,0,3.0,3.0,1.0,1.0,24.0,0,2
503945,2024-10-27T18:00:00Z,9,58961,Sport Lisboa e Benfica,4-2-3-1,home,HOME_TEAM,5,0,54.0,8.0,12.0,13.0,4.0,4.0,0,1,0,0.0,24.0,12.0,8.0,26.0,5,0
503945,2024-10-27T18:00:00Z,9,58961,Rio Ave FC,5-4-1,away,HOME_TEAM,5,0,46.0,2.0,10.0,16.0,9.0,3.0,0,1,0,7.0,4.0,0.0,3.0,22.0,0,5
503947,2024-10-27T20:30:00Z,9,2319,CF Estrela da Amadora,3-4-3,home,DRAW,2,2,46.0,3.0,15.0,17.0,7.0,1.0,0,2,0,2.0,5.0,2.0,3.0,28.0,2,2
503947,2024-10-27T20:30:00Z,9,2319,Vitória SC,4-2-3-1,away,DRAW,2,2,54.0,4.0,15.0,16.0,8.0,2.0,0,3,0,0.0,9.0,3.0,3.0,27.0,2,2
503952,2024-10-28T20:15:00Z,9,4795,AVS,4-2-3-1,home,AWAY_TEAM,0,5,34.0,2.0,8.0,11.0,6.0,0.0,0,2,0,4.0,5.0,1.0,2.0,19.0,0,5
503952,2024-10-28T20:15:00Z,9,4795,FC Porto,4-2-3-1,away,AWAY_TEAM,0,5,66.0,3.0,11.0,8.0,4.0,0.0,0,1,0,1.0,11.0,9.0,2.0,17.0,5,0
503940,2024-11-01T20:15:00Z,10,41282,Sporting Clube de Portugal,3-4-2-1,home,HOME_TEAM,5,1,67.0,12.0,13.0,15.0,9.0,0.0,0,0,0,3.0,15.0,7.0,3.0,13.0,5,1
503940,2024-11-01T20:15:00Z,10,41282,CF Estrela da Amadora,5-4-1,away,HOME_TEAM,5,1,33.0,2.0,14.0,13.0,10.0,1.0,0,4,0,2.0,8.0,4.0,3.0,10.0,1,5
503942,2024-11-02T15:30:00Z,10,2323,Rio Ave FC,3-4-3,home,DRAW,2,2,46.0,3.0,15.0,18.0,11.0,4.0,0,3,0,0.0,9.0,5.0,3.0,21.0,2,2
503942,2024-11-02T15:30:00Z,10,2323,Casa Pia AC,3-4-3,away,DRAW,2,2,54.0,2.0,18.0,19.0,8.0,0.0,0,3,0,3.0,6.0,2.0,3.0,21.0,2,2
503937,2024-11-02T18:00:00Z,10,12649,SC Farense,5-4-1,home,AWAY_TEAM,1,2,29.0,3.0,10.0,9.0,10.0,0.0,0,1,0,6.0,7.0,4.0,1.0,16.0,1,2
503937,2024-11-02T18:00:00Z,10,12649,Sport Lisboa e Benfica,4-3-3,away,AWAY_TEAM,1,2,71.0,8.0,5.0,10.0,3.0,4.0,0,0,0,3.0,16.0,8.0,4.0,22.0,2,1
503938,2024-11-02T20:30:00Z,10,4221,Gil Vicente FC,4-3-3,home,AWAY_TEAM,1,2,66.0,7.0,14.0,11.0,11.0,1.0,0,3,0,2.0,14.0,2.0,9.0,19.0,1,2
503938,2024-11-02T20:30:00Z,10,4221,Boavista FC,4-4-2,away,AWAY_TEAM,1,2,34.0,2.0,11.0,15.0,14.0,0.0,0,2,0,1.0,11.0,4.0,7.0,21.0,2,1
503943,2024-11-03T15:30:00Z,10,2429,AVS,4-2-3-1,home,AWAY_TEAM,2,3,43.0,4.0,17.0,13.0,15.0,0.0,0,4,0,3.0,10.0,6.0,4.0,23.0,2,3
503943,2024-11-03T15:30:00Z,10,2429,FC Famalicão,4-2-3-1,away,AWAY_TEAM,2,3,57.0,0.0,11.0,17.0,8.0,2.0,0,1,0,4.0,18.0,6.0,11.0,27.0,3,2
503935,2024-11-03T18:00:00Z,10,1631,FC Arouca,4-2-3-1,home,AWAY_TEAM,1,2,59.0,12.0,8.0,18.0,11.0,1.0,0,3,0,0.0,12.0,4.0,4.0,29.0,1,2
503935,2024-11-03T18:00:00Z,10,1631,Sporting Clube de Braga,4-2-3-1,away,AWAY_TEAM,1,2,41.0,4.0,15.0,9.0,7.0,3.0,0,2,0,3.0,13.0,2.0,8.0,18.0,2,1
503936,2024-11-03T18:00:00Z,10,18031,Vitória SC,4-3-3,home,HOME_TEAM,1,0,53.0,9.0,16.0,17.0,9.0,1.0,0,0,0,2.0,10.0,5.0,4.0,25.0,1,0
503936,2024-11-03T18:00:00Z,10,18031,Moreirense FC,4-2-3-1,away,HOME_TEAM,1,0,47.0,4.0,17.0,17.0,6.0,0.0,0,1,0,4.0,8.0,2.0,3.0,17.0,0,1
503941,2024-11-03T20:30:00Z,10,39019,FC Porto,4-2-3-1,home,HOME_TEAM,4,0,69.0,9.0,7.0,9.0,3.0,1.0,0,0,0,4.0,15.0,9.0,3.0,19.0,4,0
503941,2024-11-03T20:30:00Z,10,39019,GD Estoril Praia,4-3-3,away,HOME_TEAM,4,0,31.0,5.0,9.0,8.0,7.0,0.0,0,2,0,5.0,9.0,4.0,2.0,7.0,0,4
503939,2024-11-04T20:15:00Z,10,1425,CD Nacional,4-3-3,home,HOME_TEAM,2,0,36.0,2.0,15.0,12.0,13.0,1.0,0,4,0,4.0,7.0,3.0,2.0,15.0,2,0
503939,2024-11-04T20:15:00Z,10,1425,CD Santa Clara,3-4-3,away,HOME_TEAM,2,0,64.0,6.0,12.0,16.0,6.0,0.0,0,7,0,1.0,18.0,4.0,5.0,17.0,0,2
503932,2024-11-08T20:15:00Z,11,1316,Moreirense FC,4-2-3-1,home,HOME_TEAM,3,2,47.0,3.0,17.0,23.0,8.0,1.0,0,2,0,3.0,11.0,8.0,3.0,20.0,3,2
503932,2024-11-08T20:15:00Z,11,1316,Gil Vicente FC,4-3-3,away,HOME_TEAM,3,2,53.0,4.0,22.0,18.0,8.0,1.0,0,5,0,5.0,10.0,5.0,5.0,17.0,2,3
503929,2024-11-09T15:30:00Z,11,1202,Casa Pia AC,3-4-2-1,home,DRAW,1,1,66.0,4.0,13.0,16.0,5.0,1.0,0,4,0,2.0,12.0,2.0,6.0,25.0,1,1
503929,2024-11-09T15:30:00Z,11,1202,SC Farense,3-4-3,away,DRAW,1,1,34.0,2.0,16.0,14.0,8.0,0.0,0,3,0,1.0,8.0,3.0,2.0,17.0,1,1
503931,2024-11-09T15:30:00Z,11,1912,GD Estoril Praia,4-3-3,home,DRAW,0,0,54.0,10.0,14.0,17.0,6.0,2.0,0,2,0,2.0,9.0,1.0,4.0,26.0,0,0
503931,2024-11-09T15:30:00Z,11,1912,AVS,4-2-3-1,away,DRAW,0,0,46.0,6.0,11.0,16.0,6.0,6.0,0,0,0,1.0,9.0,2.0,3.0,23.0,0,0
503933,2024-11-09T18:00:00Z,11,3551,FC Famalicão,4-2-3-1,home,DRAW,0,0,50.0,4.0,19.0,15.0,4.0,2.0,0,5,0,1.0,6.0,2.0,1.0,21.0,0,0
503933,2024-11-09T18:00:00Z,11,3551,FC Arouca,4-2-3-1,away,DRAW,0,0,50.0,8.0,13.0,21.0,5.0,2.0,0,3,0,2.0,7.0,1.0,2.0,28.0,0,0
503926,2024-11-09T20:30:00Z,11,4495,Boavista FC,4-4-2,home,AWAY_TEAM,0,2,51.0,7.0,10.0,17.0,5.0,5.0,1,4,0,0.0,17.0,4.0,8.0,14.0,0,2
503926,2024-11-09T20:30:00Z,11,4495,Rio Ave FC,4-3-3,away,AWAY_TEAM,0,2,49.0,2.0,17.0,15.0,17.0,0.0,1,3,0,4.0,6.0,2.0,2.0,14.0,2,0
503930,2024-11-10T15:30:00Z,11,3386,CF Estrela da Amadora,3-4-3,home,HOME_TEAM,2,0,49.0,10.0,11.0,11.0,11.0,1.0,0,1,0,5.0,14.0,3.0,10.0,18.0,2,0
503930,2024-11-10T15:30:00Z,11,3386,CD Nacional,3-5-2,away,HOME_TEAM,2,0,51.0,4.0,11.0,12.0,14.0,0.0,0,1,0,2.0,13.0,5.0,6.0,21.0,0,2
503934,2024-11-10T16:30:00Z,11,2512,CD Santa Clara,3-4-3,home,HOME_TEAM,1,0,37.0,9.0,16.0,17.0,7.0,1.0,0,5,0,2.0,17.0,6.0,10.0,22.0,1,0
503934,2024-11-10T16:30:00Z,11,2512,Vitória SC,4-3-3,away,HOME_TEAM,1,0,63.0,4.0,17.0,17.0,15.0,0.0,0,4,0,5.0,3.0,2.0,1.0,13.0,0,1
503928,2024-11-10T18:45:00Z,11,20585,Sporting Clube de Braga,3-4-2-1,home,AWAY_TEAM,2,4,29.0,0.0,20.0,14.0,10.0,2.0,0,5,0,3.0,4.0,3.0,0.0,13.0,2,4
503928,2024-11-10T18:45:00Z,11,20585,Sporting Clube de Portugal,3-4-3,away,AWAY_TEAM,2,4,71.0,5.0,13.0,22.0,3.0,1.0,0,4,0,1.0,11.0,6.0,3.0,19.0,4,2
503927,2024-11-10T20:45:00Z,11,63342,Sport Lisboa e Benfica,4-2-3-1,home,HOME_TEAM,4,1,41.0,2.0,10.0,13.0,8.0,6.0,0,2,0,2.0,15.0,7.0,5.0,21.0,4,1
503927,2024-11-10T20:45:00Z,11,63342,FC Porto,4-2-3-1,away,HOME_TEAM,4,1,59.0,2.0,12.0,16.0,8.0,1.0,0,6,0,4.0,7.0,3.0,3.0,22.0,1,4
503924,2024-11-29T20:15:00Z,12,5178,SC Farense,3-4-3,home,HOME_TEAM,1,0,44.0,3.0,20.0,20.0,11.0,1.0,0,4,0,3.0,10.0,2.0,6.0,28.0,1,0
503924,2024-11-29T20:15:00Z,12,5178,CF Estrela da Amadora,3-4-3,away,HOME_TEAM,1,0,56.0,6.0,18.0,21.0,8.0,2.0,0,2,0,1.0,12.0,3.0,7.0,30.0,0,1
503923,2024-11-30T15:30:00Z,12,2009,Rio Ave FC,4-3-3,home,HOME_TEAM,3,2,45.0,2.0,14.0,19.0,9.0,1.0,0,3,0,2.0,9.0,4.0,3.0,21.0,3,2
503923,2024-11-30T15:30:00Z,12,2009,Moreirense FC,4-2-3-1,away,HOME_TEAM,3,2,55.0,4.0,16.0,15.0,7.0,3.0,0,3,0,1.0,7.0,2.0,3.0,21.0,2,3
503921,2024-11-30T18:00:00Z,12,1516,CD Nacional,4-2-3-1,home,DRAW,0,0,59.0,4.0,14.0,14.0,11.0,0.0,0,1,0,2.0,20.0,8.0,7.0,23.0,0,0
503921,2024-11-30T18:00:00Z,12,1516,Boavista FC,4-4-2,away,DRAW,0,0,41.0,7.0,13.0,14.0,11.0,1.0,0,2,0,8.0,10.0,2.0,5.0,17.0,0,0
503922,2024-11-30T20:30:00Z,12,41681,Sporting Clube de Portugal,3-4-2-1,home,AWAY_TEAM,0,1,73.0,8.0,8.0,19.0,1.0,1.0,0,2,0,2.0,17.0,4.0,8.0,23.0,0,1
503922,2024-11-30T20:30:00Z,12,41681,CD Santa Clara,5-4-1,away,AWAY_TEAM,0,1,27.0,2.0,18.0,9.0,16.0,1.0,0,8,0,4.0,4.0,3.0,1.0,17.0,1,0
503917,2024-12-01T15:30:00Z,12,2047,GD Estoril Praia,3-4-3,home,HOME_TEAM,2,1,48.0,5.0,16.0,20.0,6.0,3.0,0,2,0,0.0,11.0,5.0,3.0,18.0,2,1
503917,2024-12-01T15:30:00Z,12,2047,FC Famalicão,4-2-3-1,away,HOME_TEAM,2,1,52.0,7.0,17.0,19.0,8.0,3.0,0,4,0,3.0,4.0,1.0,2.0,24.0,1,2
503918,2024-12-01T18:00:00Z,12,4644,FC Arouca,4-3-3,home,AWAY_TEAM,0,2,47.0,5.0,13.0,14.0,5.0,0.0,0,2,0,5.0,11.0,5.0,4.0,18.0,0,2
503918,2024-12-01T18:00:00Z,12,4644,Sport Lisboa e Benfica,4-3-3,away,AWAY_TEAM,0,2,53.0,6.0,10.0,13.0,12.0,4.0,0,3,0,5.0,10.0,6.0,1.0,14.0,2,0
503920,2024-12-01T20:30:00Z,12,2579,AVS,5-3-2,home,AWAY_TEAM,0,1,32.0,2.0,11.0,17.0,5.0,3.0,1,3,0,6.0,5.0,1.0,2.0,12.0,0,1
503920,2024-12-01T20:30:00Z,12,2579,Sporting Clube de Braga,3-4-3,away,AWAY_TEAM,0,1,68.0,9.0,15.0,14.0,4.0,2.0,0,1,0,1.0,17.0,6.0,3.0,22.0,1,0
503919,2024-12-02T18:45:00Z,12,11317,Vitória SC,4-2-3-1,home,HOME_TEAM,4,0,57.0,9.0,20.0,14.0,5.0,3.0,0,1,0,0.0,18.0,5.0,4.0,15.0,4,0
503919,2024-12-02T18:45:00Z,12,11317,Gil Vicente FC,4-2-3-1,away,HOME_TEAM,4,0,43.0,2.0,11.0,23.0,12.0,3.0,0,2,0,4.0,3.0,0.0,3.0,15.0,0,4
503925,2024-12-02T20:45:00Z,12,32810,FC Porto,4-2-3-1,home,HOME_TEAM,2,0,64.0,8.0,14.0,13.0,6.0,2.0,0,3,0,2.0,17.0,9.0,5.0,24.0,2,0
503925,2024-12-02T20:45:00Z,12,32810,Casa Pia AC,3-4-3,away,HOME_TEAM,2,0,36.0,6.0,13.0,16.0,8.0,0.0,0,0,0,7.0,10.0,2.0,5.0,11.0,0,2
503912,2024-12-05T20:15:00Z,13,5154,Moreirense FC,4-2-3-1,home,HOME_TEAM,2,1,35.0,4.0,16.0,17.0,15.0,1.0,0,3,0,4.0,8.0,4.0,2.0,15.0,2,1
503912,2024-12-05T20:15:00Z,13,5154,Sporting Clube de Portugal,3-4-2-1,away,HOME_TEAM,2,1,65.0,6.0,15.0,17.0,2.0,2.0,0,1,0,2.0,17.0,4.0,8.0,21.0,1,2
503910,2024-12-06T20:15:00Z,13,9071,Sporting Clube de Braga,3-4-2-1,home,DRAW,2,2,49.0,3.0,17.0,21.0,7.0,2.0,0,3,0,1.0,14.0,6.0,4.0,23.0,2,2
503910,2024-12-06T20:15:00Z,13,9071,GD Estoril Praia,3-4-2-1,away,DRAW,2,2,51.0,2.0,20.0,19.0,6.0,1.0,0,5,0,4.0,9.0,3.0,4.0,15.0,2,2
503911,2024-12-07T15:30:00Z,13,2643,Gil Vicente FC,4-3-3,home,HOME_TEAM,2,1,55.0,6.0,12.0,16.0,8.0,1.0,0,3,0,4.0,17.0,5.0,8.0,25.0,2,1
503911,2024-12-07T15:30:00Z,13,2643,CD Nacional,4-4-1-1,away,HOME_TEAM,2,1,45.0,7.0,14.0,13.0,9.0,2.0,0,4,0,3.0,12.0,5.0,3.0,16.0,1,2
503909,2024-12-07T18:00:00Z,13,58839,Sport Lisboa e Benfica,4-3-3,home,HOME_TEAM,1,0,57.0,6.0,9.0,13.0,12.0,1.0,0,3,0,2.0,7.0,1.0,3.0,28.0,1,0
503909,2024-12-07T18:00:00Z,13,58839,Vitória SC,4-2-3-1,away,HOME_TEAM,1,0,43.0,9.0,12.0,10.0,7.0,1.0,0,1,0,0.0,9.0,1.0,6.0,23.0,0,1
503915,2024-12-07T18:00:00Z,13,1564,CD Santa Clara,3-4-3,home,HOME_TEAM,1,0,50.0,6.0,13.0,18.0,4.0,5.0,0,2,0,2.0,8.0,3.0,4.0,19.0,1,0
503915,2024-12-07T18:00:00Z,13,1564,Rio Ave FC,4-3-3,away,HOME_TEAM,1,0,50.0,2.0,17.0,18.0,4.0,1.0,0,4,0,2.0,5.0,2.0,2.0,22.0,0,1
503916,2024-12-07T20:30:00Z,13,4499,FC Famalicão,4-2-3-1,home,DRAW,1,1,34.0,3.0,10.0,16.0,12.0,1.0,0,2,0,3.0,2.0,1.0,1.0,13.0,1,1
503916,2024-12-07T20:30:00Z,13,4499,FC Porto,4-2-3-1,away,DRAW,1,1,66.0,5.0,14.0,11.0,3.0,2.0,0,3,0,1.0,17.0,4.0,6.0,23.0,1,1
503908,2024-12-08T15:30:00Z,13,3845,Boavista FC,4-4-1-1,home,DRAW,1,1,49.0,5.0,7.0,17.0,3.0,0.0,0,2,1,4.0,11.0,4.0,5.0,24.0,1,1
503908,2024-12-08T15:30:00Z,13,3845,SC Farense,3-4-3,away,DRAW,1,1,51.0,4.0,16.0,7.0,14.0,1.0,0,3,1,3.0,10.0,5.0,4.0,15.0,1,1
503913,2024-12-08T18:00:00Z,13,1147,Casa Pia AC,3-4-2-1,home,DRAW,1,1,48.0,6.0,3.0,6.0,5.0,0.0,0,0,0,1.0,6.0,4.0,1.0,20.0,1,1
503913,2024-12-08T18:00:00Z,13,1147,AVS,3-4-2-1,away,DRAW,1,1,52.0,3.0,5.0,3.0,4.0,1.0,0,4,0,3.0,3.0,2.0,1.0,12.0,1,1
503914,2024-12-09T20:15:00Z,13,2083,CF Estrela da Amadora,3-4-2-1,home,HOME_TEAM,2,1,51.0,2.0,13.0,21.0,5.0,6.0,0,4,0,3.0,8.0,2.0,4.0,22.0,2,1
503914,2024-12-09T20:15:00Z,13,2083,FC Arouca,4-3-3,away,HOME_TEAM,2,1,49.0,7.0,19.0,19.0,8.0,2.0,0,2,0,1.0,9.0,4.0,3.0,35.0,1,2
503899,2024-12-14T15:30:00Z,14,4761,SC Farense,3-4-3,home,AWAY_TEAM,0,1,51.0,7.0,9.0,13.0,6.0,2.0,0,3,0,1.0,12.0,4.0,6.0,23.0,0,1
503899,2024-12-14T15:30:00Z,14,4761,Gil Vicente FC,4-2-3-1,away,AWAY_TEAM,0,1,49.0,1.0,13.0,11.0,11.0,0.0,1,2,0,4.0,5.0,1.0,3.0,17.0,1,0
503904,2024-12-14T18:00:00Z,14,1471,CD Nacional,4-2-3-1,home,HOME_TEAM,1,0,51.0,10.0,13.0,13.0,6.0,0.0,0,0,0,1.0,10.0,5.0,3.0,17.0,1,0
503904,2024-12-14T18:00:00Z,14,1471,Moreirense FC,4-2-3-1,away,HOME_TEAM,1,0,49.0,2.0,12.0,13.0,9.0,1.0,0,3,0,4.0,4.0,1.0,2.0,25.0,0,1
503907,2024-12-14T20:30:00Z,14,34094,Sporting Clube de Portugal,3-4-3,home,HOME_TEAM,3,2,73.0,10.0,11.0,8.0,5.0,2.0,0,3,0,0.0,16.0,7.0,7.0,15.0,3,2
503907,2024-12-14T20:30:00Z,14,34094,Boavista FC,4-2-3-1,away,HOME_TEAM,3,2,27.0,1.0,6.0,13.0,8.0,2.0,0,3,0,4.0,3.0,2.0,0.0,15.0,2,3
503901,2024-12-15T15:30:00Z,14,1307,FC Arouca,4-2-3-1,home,HOME_TEAM,1,0,47.0,7.0,13.0,18.0,3.0,0.0,0,2,0,1.0,7.0,1.0,5.0,19.0,1,0
503901,2024-12-15T15:30:00Z,14,1307,CD Santa Clara,3-4-3,away,HOME_TEAM,1,0,53.0,2.0,16.0,13.0,9.0,2.0,0,2,0,0.0,2.0,1.0,1.0,21.0,0,1
503902,2024-12-15T18:00:00Z,14,5473,AVS,3-4-3,home,DRAW,1,1,52.0,0.0,5.0,8.0,11.0,0.0,0,2,0,0.0,9.0,4.0,5.0,17.0,1,1
503902,2024-12-15T18:00:00Z,14,5473,Sport Lisboa e Benfica,4-2-3-1,away,DRAW,1,1,48.0,3.0,6.0,5.0,8.0,2.0,0,2,0,3.0,9.0,1.0,8.0,17.0,1,1
503906,2024-12-15T20:30:00Z,14,1873,GD Estoril Praia,3-4-2-1,home,AWAY_TEAM,0,2,52.0,5.0,8.0,10.0,6.0,1.0,0,3,0,1.0,8.0,4.0,4.0,10.0,0,2
503906,2024-12-15T20:30:00Z,14,1873,Casa Pia AC,3-4-2-1,away,AWAY_TEAM,0,2,48.0,4.0,8.0,9.0,6.0,2.0,0,2,0,4.0,7.0,3.0,3.0,24.0,2,0
503900,2024-12-16T18:45:00Z,14,8322,Sporting Clube de Braga,3-4-3,home,DRAW,3,3,54.0,10.0,12.0,14.0,1.0,3.0,0,0,0,6.0,18.0,7.0,6.0,21.0,3,3
503900,2024-12-16T18:45:00Z,14,8322,FC Famalicão,4-2-3-1,away,DRAW,3,3,46.0,3.0,14.0,15.0,10.0,0.0,0,1,0,4.0,9.0,8.0,0.0,23.0,3,3
503905,2024-12-16T20:15:00Z,14,50033,FC Porto,4-2-3-1,home,HOME_TEAM,2,0,69.0,11.0,17.0,19.0,1.0,1.0,0,0,0,0.0,12.0,4.0,7.0,16.0,2,0
503905,2024-12-16T20:15:00Z,14,50033,CF Estrela da Amadora,5-3-2,away,HOME_TEAM,2,0,31.0,4.0,19.0,18.0,13.0,0.0,0,2,1,2.0,3.0,0.0,0.0,21.0,0,2
503903,2024-12-16T20:45:00Z,14,5250,Rio Ave FC,4-2-3-1,home,DRAW,2,2,35.0,0.0,9.0,16.0,12.0,1.0,0,2,0,4.0,5.0,4.0,1.0,21.0,2,2
503903,2024-12-16T20:45:00Z,14,5250,Vitória SC,4-3-3,away,DRAW,2,2,65.0,2.0,13.0,10.0,3.0,3.0,0,1,0,2.0,15.0,6.0,7.0,27.0,2,2
503955,2024-12-19T17:00:00Z,8,5086,CD Nacional,4-4-2,home,AWAY_TEAM,0,2,,0.0,2.0,0.0,2.0,0.0,0,0,0,0.0,0.0,0.0,0.0,2.0,0,2
503955,2024-12-19T17:00:00Z,8,5086,Sport Lisboa e Benfica,4-2-3-1,away,AWAY_TEAM,0,2,,0.0,0.0,2.0,0.0,0.0,0,0,0,0.0,1.0,0.0,1.0,2.0,2,0
503896,2024-12-20T20:15:00Z,15,912,Casa Pia AC,3-4-3,home,HOME_TEAM,3,1,43.0,3.0,9.0,18.0,7.0,1.0,0,2,0,2.0,8.0,6.0,1.0,26.0,3,1
503896,2024-12-20T20:15:00Z,15,912,FC Arouca,4-2-3-1,away,HOME_TEAM,3,1,57.0,4.0,14.0,10.0,5.0,4.0,0,3,0,3.0,8.0,3.0,2.0,29.0,1,3
503898,2024-12-21T15:30:00Z,15,3072,FC Famalicão,4-2-3-1,home,AWAY_TEAM,1,2,64.0,7.0,6.0,10.0,6.0,0.0,0,3,0,2.0,7.0,1.0,5.0,25.0,1,2
503898,2024-12-21T15:30:00Z,15,3072,SC Farense,3-4-2-1,away,AWAY_TEAM,1,2,36.0,4.0,9.0,6.0,15.0,1.0,0,6,0,0.0,6.0,4.0,1.0,18.0,2,1
503895,2024-12-21T18:00:00Z,15,3321,Boavista FC,4-2-3-1,home,DRAW,0,0,44.0,5.0,6.0,11.0,4.0,2.0,0,1,0,1.0,12.0,4.0,6.0,28.0,0,0
503895,2024-12-21T18:00:00Z,15,3321,AVS,3-4-3,away,DRAW,0,0,56.0,1.0,9.0,8.0,12.0,2.0,0,2,0,4.0,4.0,1.0,3.0,19.0,0,0
503894,2024-12-21T20:30:00Z,15,4553,Moreirense FC,4-2-3-1,home,AWAY_TEAM,0,3,44.0,2.0,18.0,10.0,8.0,1.0,0,3,0,3.0,6.0,2.0,3.0,19.0,0,3
503894,2024-12-21T20:30:00Z,15,4553,FC Porto,4-2-3-1,away,AWAY_TEAM,0,3,56.0,4.0,10.0,19.0,7.0,0.0,0,4,0,2.0,11.0,6.0,2.0,17.0,3,0
503897,2024-12-22T17:00:00Z,15,4041,CD Santa Clara,3-4-3,home,AWAY_TEAM,0,2,27.0,2.0,13.0,15.0,13.0,1.0,1,2,1,3.0,14.0,7.0,5.0,28.0,0,2
503897,2024-12-22T17:00:00Z,15,4041,Sporting Clube de Braga,3-4-3,away,AWAY_TEAM,0,2,73.0,2.0,13.0,14.0,6.0,2.0,0,5,0,7.0,12.0,4.0,5.0,16.0,2,0
503890,2024-12-22T20:30:00Z,15,9794,Gil Vicente FC,5-4-1,home,DRAW,0,0,38.0,3.0,5.0,10.0,7.0,1.0,0,3,0,5.0,1.0,0.0,1.0,12.0,0,0
503890,2024-12-22T20:30:00Z,15,9794,Sporting Clube de Portugal,3-4-2-1,away,DRAW,0,0,62.0,8.0,9.0,6.0,5.0,1.0,0,1,0,0.0,10.0,5.0,3.0,14.0,0,0
503891,2024-12-23T18:45:00Z,15,64642,Sport Lisboa e Benfica,4-2-3-1,home,HOME_TEAM,3,0,59.0,4.0,9.0,14.0,12.0,0.0,0,1,0,2.0,15.0,7.0,6.0,18.0,3,0
503891,2024-12-23T18:45:00Z,15,64642,GD Estoril Praia,3-4-3,away,HOME_TEAM,3,0,41.0,1.0,14.0,9.0,10.0,0.0,0,1,0,4.0,11.0,2.0,8.0,23.0,0,3
503892,2024-12-23T18:45:00Z,15,17423,Vitória SC,4-2-3-1,home,DRAW,2,2,54.0,7.0,14.0,11.0,5.0,1.0,0,1,0,0.0,17.0,3.0,9.0,27.0,2,2
503892,2024-12-23T18:45:00Z,15,17423,CD Nacional,4-3-3,away,DRAW,2,2,46.0,1.0,10.0,15.0,14.0,1.0,0,1,0,1.0,4.0,2.0,2.0,25.0,2,2
503893,2024-12-23T20:45:00Z,15,9288,CF Estrela da Amadora,3-4-2-1,home,HOME_TEAM,1,0,44.0,5.0,17.0,19.0,5.0,1.0,0,4,0,6.0,7.0,3.0,3.0,22.0,1,0
503893,2024-12-23T20:45:00Z,15,9288,Rio Ave FC,4-2-3-1,away,HOME_TEAM,1,0,56.0,6.0,15.0,18.0,7.0,4.0,1,3,0,2.0,15.0,6.0,2.0,32.0,0,1
503883,2024-12-27T20:15:00Z,16,1743,FC Arouca,4-2-3-1,home,DRAW,1,1,58.0,5.0,20.0,9.0,2.0,1.0,0,0,0,2.0,10.0,5.0,3.0,24.0,1,1
503883,2024-12-27T20:15:00Z,16,1743,Gil Vicente FC,4-1-4-1,away,DRAW,1,1,42.0,7.0,9.0,21.0,8.0,0.0,0,1,0,4.0,6.0,3.0,2.0,10.0,1,1
503885,2024-12-28T15:30:00Z,16,1262,AVS,3-4-3,home,DRAW,1,1,60.0,7.0,14.0,8.0,8.0,0.0,0,2,0,4.0,9.0,5.0,2.0,25.0,1,1
503885,2024-12-28T15:30:00Z,16,1262,CF Estrela da Amadora,3-4-2-1,away,DRAW,1,1,40.0,6.0,7.0,14.0,8.0,1.0,0,2,0,4.0,10.0,5.0,5.0,23.0,1,1
503881,2024-12-28T18:00:00Z,16,2246,GD Estoril Praia,3-4-2-1,home,DRAW,2,2,53.0,6.0,8.0,7.0,6.0,2.0,0,2,0,3.0,13.0,7.0,2.0,17.0,2,2
503881,2024-12-28T18:00:00Z,16,2246,Moreirense FC,4-2-3-1,away,DRAW,2,2,47.0,2.0,7.0,10.0,7.0,0.0,0,2,0,5.0,7.0,5.0,1.0,18.0,2,2
503888,2024-12-28T20:30:00Z,16,47509,FC Porto,4-2-3-1,home,HOME_TEAM,4,0,73.0,4.0,10.0,17.0,4.0,1.0,0,4,0,1.0,12.0,8.0,3.0,17.0,4,0
503888,2024-12-28T20:30:00Z,16,47509,Boavista FC,4-4-2,away,HOME_TEAM,4,0,27.0,1.0,14.0,11.0,9.0,3.0,0,2,0,4.0,3.0,1.0,1.0,18.0,0,4
503884,2024-12-29T15:30:00Z,16,6012,SC Farense,3-4-3,home,DRAW,2,2,38.0,6.0,8.0,10.0,13.0,0.0,0,2,0,10.0,5.0,2.0,3.0,25.0,2,2
503884,2024-12-29T15:30:00Z,16,6012,Vitória SC,4-2-3-1,away,DRAW,2,2,62.0,9.0,9.0,8.0,7.0,1.0,0,3,0,0.0,24.0,12.0,9.0,25.0,2,2
503887,2024-12-29T15:30:00Z,16,2729,Rio Ave FC,4-2-3-1,home,HOME_TEAM,2,1,48.0,11.0,10.0,9.0,14.0,1.0,0,0,0,2.0,19.0,7.0,6.0,14.0,2,1
503887,2024-12-29T15:30:00Z,16,2729,CD Nacional,4-2-3-1,away,HOME_TEAM,2,1,52.0,6.0,8.0,11.0,10.0,1.0,0,1,0,5.0,14.0,3.0,10.0,11.0,1,2
503882,2024-12-29T18:00:00Z,16,20819,Sporting Clube de Braga,3-4-3,home,AWAY_TEAM,1,2,59.0,10.0,9.0,16.0,4.0,3.0,0,2,0,2.0,14.0,5.0,5.0,24.0,1,2
503882,2024-12-29T18:00:00Z,16,20819,Casa Pia AC,3-4-3,away,AWAY_TEAM,1,2,41.0,2.0,14.0,12.0,10.0,2.0,0,3,0,4.0,6.0,4.0,1.0,12.0,2,1
503889,2024-12-29T20:30:00Z,16,48076,Sporting Clube de Portugal,4-2-3-1,home,HOME_TEAM,1,0,46.0,4.0,12.0,16.0,13.0,0.0,0,2,0,2.0,12.0,6.0,3.0,18.0,1,0
503889,2024-12-29T20:30:00Z,16,48076,Sport Lisboa e Benfica,4-3-3,away,HOME_TEAM,1,0,54.0,8.0,16.0,12.0,8.0,0.0,0,3,0,5.0,14.0,2.0,7.0,17.0,0,1
503886,2024-12-30T20:15:00Z,16,3818,FC Famalicão,4-2-3-1,home,AWAY_TEAM,1,2,70.0,5.0,9.0,8.0,3.0,0.0,0,3,0,1.0,11.0,4.0,4.0,13.0,1,2
503886,2024-12-30T20:15:00Z,16,3818,CD Santa Clara,3-4-3,away,AWAY_TEAM,1,2,30.0,4.0,8.0,9.0,9.0,0.0,0,3,0,3.0,7.0,3.0,3.0,13.0,2,1
503875,2025-01-03T20:15:00Z,17,26549,Vitória SC,4-2-3-1,home,DRAW,4,4,57.0,6.0,11.0,16.0,5.0,1.0,0,4,0,1.0,13.0,5.0,5.0,25.0,4,4
503875,2025-01-03T20:15:00Z,17,26549,Sporting Clube de Portugal,4-4-2,away,DRAW,4,4,43.0,2.0,14.0,12.0,9.0,2.0,0,5,0,1.0,10.0,5.0,4.0,21.0,4,4
503877,2025-01-04T15:30:00Z,17,2327,Moreirense FC,4-2-3-1,home,DRAW,1,1,49.0,3.0,10.0,14.0,11.0,3.0,0,3,0,0.0,9.0,4.0,3.0,14.0,1,1
503877,2025-01-04T15:30:00Z,17,2327,AVS,3-4-3,away,DRAW,1,1,51.0,9.0,14.0,13.0,6.0,0.0,0,5,0,3.0,11.0,1.0,8.0,19.0,1,1
503874,2025-01-04T18:00:00Z,17,61750,Sport Lisboa e Benfica,4-3-3,home,AWAY_TEAM,1,2,55.0,8.0,8.0,9.0,2.0,3.0,0,4,0,0.0,15.0,4.0,8.0,38.0,1,2
503874,2025-01-04T18:00:00Z,17,61750,Sporting Clube de Braga,3-4-3,away,AWAY_TEAM,1,2,45.0,2.0,8.0,11.0,15.0,1.0,0,3,0,3.0,6.0,2.0,2.0,24.0,2,1
503878,2025-01-04T20:30:00Z,17,3559,Boavista FC,4-3-3,home,AWAY_TEAM,1,3,18.0,3.0,6.0,23.0,5.0,3.0,0,4,1,4.0,10.0,2.0,5.0,32.0,1,3
503878,2025-01-04T20:30:00Z,17,3559,FC Arouca,4-2-3-1,away,AWAY_TEAM,1,3,82.0,3.0,20.0,9.0,10.0,3.0,0,7,0,1.0,10.0,6.0,3.0,17.0,3,1
503879,2025-01-05T15:30:00Z,17,2291,CD Santa Clara,3-4-3,home,DRAW,0,0,66.0,13.0,13.0,9.0,2.0,0.0,0,3,0,0.0,14.0,7.0,6.0,20.0,0,0
503879,2025-01-05T15:30:00Z,17,2291,SC Farense,3-4-3,away,DRAW,0,0,34.0,2.0,8.0,13.0,11.0,1.0,0,3,1,7.0,2.0,1.0,0.0,13.0,0,0
503873,2025-01-05T18:00:00Z,17,974,Casa Pia AC,3-4-3,home,DRAW,1,1,54.0,5.0,9.0,8.0,8.0,3.0,0,2,1,10.0,4.0,2.0,2.0,32.0,1,1
503873,2025-01-05T18:00:00Z,17,974,FC Famalicão,4-2-3-1,away,DRAW,1,1,46.0,7.0,6.0,12.0,8.0,2.0,0,3,0,1.0,14.0,11.0,3.0,24.0,1,1
503720,2025-01-05T20:30:00Z,17,1756,CF Estrela da Amadora,3-4-3,home,AWAY_TEAM,2,4,49.0,3.0,15.0,23.0,10.0,2.0,0,2,0,6.0,6.0,3.0,2.0,27.0,2,4
503720,2025-01-05T20:30:00Z,17,1756,GD Estoril Praia,3-4-3,away,AWAY_TEAM,2,4,51.0,2.0,20.0,17.0,7.0,3.0,0,1,0,1.0,15.0,9.0,5.0,22.0,4,2
503876,2025-01-06T20:15:00Z,17,3348,Gil Vicente FC,4-1-4-1,home,DRAW,1,1,,4.0,8.0,11.0,5.0,2.0,0,2,0,3.0,11.0,3.0,8.0,20.0,1,1
503876,2025-01-06T20:15:00Z,17,3348,Rio Ave FC,4-2-3-1,away,DRAW,1,1,,4.0,10.0,10.0,11.0,1.0,0,3,0,2.0,11.0,4.0,4.0,19.0,1,1
503880,2025-01-12T15:30:00Z,17,4466,CD Nacional,4-2-3-1,home,HOME_TEAM,2,0,67.0,0.0,1.0,2.0,1.0,0.0,0,0,0,0.0,1.0,0.0,1.0,1.0,2,0
503880,2025-01-12T15:30:00Z,17,4466,FC Porto,4-2-3-1,away,HOME_TEAM,2,0,33.0,0.0,2.0,1.0,1.0,0.0,0,1,0,0.0,0.0,0.0,0.0,1.0,0,2
503868,2025-01-17T20:15:00Z,18,53985,Sport Lisboa e Benfica,4-2-3-1,home,HOME_TEAM,4,0,57.0,7.0,13.0,6.0,5.0,5.0,0,3,0,0.0,17.0,12.0,3.0,15.0,4,0
503868,2025-01-17T20:15:00Z,18,53985,FC Famalicão,4-2-3-1,away,HOME_TEAM,4,0,43.0,2.0,6.0,18.0,6.0,0.0,0,0,0,8.0,1.0,0.0,1.0,23.0,0,4
503870,2025-01-18T15:30:00Z,18,1724,CD Santa Clara,3-4-3,home,AWAY_TEAM,2,3,58.0,7.0,14.0,19.0,11.0,1.0,0,2,0,0.0,13.0,4.0,5.0,20.0,2,3
503870,2025-01-18T15:30:00Z,18,1724,GD Estoril Praia,3-4-2-1,away,AWAY_TEAM,2,3,42.0,1.0,17.0,15.0,10.0,2.0,0,2,0,2.0,8.0,3.0,4.0,20.0,3,2
503872,2025-01-18T18:00:00Z,18,4756,Rio Ave FC,4-3-3,home,AWAY_TEAM,0,3,46.0,0.0,11.0,14.0,9.0,0.0,0,1,0,10.0,2.0,0.0,1.0,15.0,0,3
503872,2025-01-18T18:00:00Z,18,4756,Sporting Clube de Portugal,4-4-2,away,AWAY_TEAM,0,3,54.0,8.0,12.0,11.0,2.0,2.0,0,1,0,0.0,24.0,12.0,9.0,17.0,3,0
503865,2025-01-18T20:30:00Z,18,13916,Vitória SC,4-3-3,home,DRAW,2,2,52.0,9.0,13.0,10.0,11.0,0.0,0,1,0,4.0,13.0,5.0,4.0,27.0,2,2
503865,2025-01-18T20:30:00Z,18,13916,FC Arouca,4-2-3-1,away,DRAW,2,2,48.0,5.0,9.0,13.0,6.0,1.0,0,3,0,3.0,15.0,6.0,7.0,23.0,2,2
503864,2025-01-19T15:30:00Z,18,2061,CD Nacional,4-2-3-1,home,HOME_TEAM,3,1,51.0,4.0,9.0,9.0,10.0,1.0,0,2,0,3.0,12.0,7.0,3.0,24.0,3,1
503864,2025-01-19T15:30:00Z,18,2061,AVS,3-4-3,away,HOME_TEAM,3,1,49.0,6.0,9.0,10.0,7.0,0.0,0,4,0,4.0,12.0,3.0,6.0,22.0,1,3
503866,2025-01-19T15:30:00Z,18,1369,Moreirense FC,4-2-3-1,home,DRAW,0,0,62.0,6.0,19.0,12.0,4.0,1.0,0,2,0,2.0,9.0,5.0,4.0,21.0,0,0
503866,2025-01-19T15:30:00Z,18,1369,SC Farense,3-4-2-1,away,DRAW,0,0,38.0,3.0,11.0,20.0,11.0,1.0,0,4,0,5.0,3.0,2.0,1.0,17.0,0,0
503867,2025-01-19T18:00:00Z,18,2719,CF Estrela da Amadora,3-4-2-1,home,AWAY_TEAM,0,1,33.0,1.0,21.0,15.0,8.0,0.0,0,3,0,3.0,6.0,3.0,0.0,21.0,0,1
503867,2025-01-19T18:00:00Z,18,2719,Sporting Clube de Braga,4-2-3-1,away,AWAY_TEAM,0,1,67.0,8.0,14.0,21.0,2.0,1.0,0,1,0,3.0,9.0,4.0,3.0,23.0,1,0
503871,2025-01-19T20:30:00Z,18,7412,Gil Vicente FC,4-1-4-1,home,HOME_TEAM,3,1,42.0,4.0,10.0,16.0,14.0,3.0,0,3,0,2.0,6.0,3.0,3.0,14.0,3,1
503871,2025-01-19T20:30:00Z,18,7412,FC Porto,4-2-3-1,away,HOME_TEAM,3,1,58.0,6.0,16.0,13.0,4.0,0.0,1,5,0,0.0,19.0,3.0,10.0,22.0,1,3
503869,2025-01-20T20:15:00Z,18,2178,Boavista FC,4-4-2,home,AWAY_TEAM,2,3,40.0,2.0,14.0,16.0,6.0,5.0,1,3,0,4.0,11.0,6.0,4.0,14.0,2,3
503869,2025-01-20T20:15:00Z,18,2178,Casa Pia AC,3-4-3,away,AWAY_TEAM,2,3,60.0,3.0,14.0,19.0,6.0,2.0,0,2,0,4.0,7.0,5.0,2.0,17.0,3,2
503860,2025-01-24T20:15:00Z,19,3125,FC Arouca,4-2-3-1,home,HOME_TEAM,1,0,53.0,10.0,17.0,16.0,5.0,2.0,0,3,0,2.0,15.0,4.0,4.0,30.0,1,0
503860,2025-01-24T20:15:00Z,19,3125,Moreirense FC,4-2-3-1,away,HOME_TEAM,1,0,47.0,2.0,12.0,19.0,8.0,4.0,0,0,0,3.0,8.0,2.0,4.0,22.0,0,1
503857,2025-01-25T15:30:00Z,19,2716,FC Famalicão,4-2-3-1,home,DRAW,0,0,63.0,5.0,15.0,15.0,6.0,0.0,0,1,0,2.0,12.0,2.0,6.0,34.0,0,0
503857,2025-01-25T15:30:00Z,19,2716,CF Estrela da Amadora,3-5-2,away,DRAW,0,0,37.0,2.0,12.0,15.0,17.0,3.0,0,3,0,2.0,6.0,2.0,3.0,22.0,0,0
503862,2025-01-25T15:30:00Z,19,5200,SC Farense,3-4-2-1,home,AWAY_TEAM,1,2,48.0,9.0,14.0,13.0,9.0,2.0,0,5,0,0.0,13.0,5.0,5.0,31.0,1,2
503862,2025-01-25T15:30:00Z,19,5200,Rio Ave FC,4-3-3,away,AWAY_TEAM,1,2,52.0,2.0,9.0,16.0,9.0,4.0,0,4,0,4.0,6.0,2.0,4.0,22.0,2,1
503858,2025-01-25T18:00:00Z,19,7051,Casa Pia AC,3-4-3,home,HOME_TEAM,3,1,40.0,2.0,11.0,10.0,7.0,0.0,0,2,0,6.0,8.0,3.0,4.0,7.0,3,1
503858,2025-01-25T18:00:00Z,19,7051,Sport Lisboa e Benfica,4-3-3,away,HOME_TEAM,3,1,60.0,9.0,10.0,11.0,4.0,0.0,0,0,0,0.0,14.0,7.0,4.0,20.0,1,3
503855,2025-01-25T20:30:00Z,19,42420,Sporting Clube de Portugal,4-2-3-1,home,HOME_TEAM,2,0,66.0,6.0,11.0,17.0,4.0,1.0,0,1,0,0.0,14.0,5.0,4.0,19.0,2,0
503855,2025-01-25T20:30:00Z,19,42420,CD Nacional,5-4-1,away,HOME_TEAM,2,0,34.0,2.0,15.0,12.0,10.0,2.0,0,1,0,3.0,2.0,0.0,1.0,22.0,0,2
503863,2025-01-26T15:30:00Z,19,2660,GD Estoril Praia,3-4-2-1,home,HOME_TEAM,1,0,48.0,2.0,2.0,5.0,2.0,3.0,0,3,0,0.0,4.0,2.0,2.0,2.0,1,0
503863,2025-01-26T15:30:00Z,19,2660,Vitória SC,4-3-3,away,HOME_TEAM,1,0,52.0,5.0,4.0,5.0,5.0,1.0,0,3,0,1.0,0.0,0.0,0.0,4.0,0,1
503859,2025-01-26T18:00:00Z,19,27793,FC Porto,4-2-3-1,home,DRAW,1,1,71.0,7.0,10.0,21.0,5.0,1.0,0,4,0,0.0,20.0,5.0,11.0,26.0,1,1
503859,2025-01-26T18:00:00Z,19,27793,CD Santa Clara,5-4-1,away,DRAW,1,1,29.0,2.0,19.0,11.0,18.0,2.0,0,5,1,5.0,2.0,1.0,1.0,20.0,1,1
503856,2025-01-26T20:30:00Z,19,4265,Sporting Clube de Braga,4-2-3-1,home,HOME_TEAM,3,0,66.0,11.0,12.0,8.0,6.0,3.0,0,2,0,3.0,14.0,6.0,4.0,18.0,3,0
503856,2025-01-26T20:30:00Z,19,4265,Boavista FC,4-4-2,away,HOME_TEAM,3,0,34.0,3.0,7.0,15.0,14.0,2.0,1,0,0,3.0,7.0,3.0,4.0,16.0,0,3
503861,2025-01-27T20:15:00Z,19,726,AVS,3-4-3,home,HOME_TEAM,1,0,32.0,1.0,10.0,11.0,10.0,2.0,0,3,0,0.0,5.0,2.0,2.0,22.0,1,0
503861,2025-01-27T20:15:00Z,19,726,Gil Vicente FC,4-3-3,away,HOME_TEAM,1,0,68.0,8.0,10.0,12.0,8.0,1.0,0,1,0,1.0,6.0,0.0,4.0,26.0,0,1
503853,2025-01-31T20:15:00Z,20,2904,Boavista FC,4-4-2,home,AWAY_TEAM,0,2,45.0,2.0,15.0,17.0,10.0,3.0,0,3,0,3.0,4.0,1.0,2.0,25.0,0,2
503853,2025-01-31T20:15:00Z,20,2904,FC Famalicão,4-2-3-1,away,AWAY_TEAM,0,2,55.0,7.0,17.0,18.0,1.0,0.0,0,1,0,1.0,19.0,5.0,7.0,24.0,2,0
503846,2025-02-01T15:30:00Z,20,1989,CD Nacional,4-2-3-1,home,AWAY_TEAM,1,2,50.0,3.0,15.0,18.0,5.0,3.0,0,5,0,2.0,18.0,6.0,10.0,27.0,1,2
503846,2025-02-01T15:30:00Z,20,1989,FC Arouca,4-2-3-1,away,AWAY_TEAM,1,2,50.0,3.0,18.0,18.0,14.0,0.0,1,1,0,2.0,10.0,4.0,3.0,13.0,2,1
503852,2025-02-01T15:30:00Z,20,2019,CD Santa Clara,3-4-3,home,HOME_TEAM,2,1,56.0,5.0,11.0,9.0,4.0,1.0,0,2,0,1.0,10.0,5.0,1.0,24.0,2,1
503852,2025-02-01T15:30:00Z,20,2019,Casa Pia AC,3-4-3,away,HOME_TEAM,2,1,44.0,2.0,9.0,12.0,8.0,0.0,0,2,0,3.0,4.0,2.0,0.0,23.0,1,2
503850,2025-02-01T18:00:00Z,20,3949,Gil Vicente FC,3-4-3,home,AWAY_TEAM,1,2,46.0,3.0,11.0,14.0,6.0,5.0,0,0,0,3.0,8.0,5.0,2.0,15.0,1,2
503850,2025-02-01T18:00:00Z,20,3949,GD Estoril Praia,3-4-2-1,away,AWAY_TEAM,1,2,54.0,3.0,14.0,16.0,5.0,0.0,0,1,0,4.0,14.0,5.0,4.0,19.0,2,1
503854,2025-02-01T20:30:00Z,20,13647,Vitória SC,4-2-3-1,home,HOME_TEAM,2,0,66.0,8.0,14.0,21.0,1.0,2.0,0,1,0,1.0,15.0,9.0,3.0,27.0,2,0
503854,2025-02-01T20:30:00Z,20,13647,AVS,3-4-2-1,away,HOME_TEAM,2,0,34.0,2.0,20.0,16.0,8.0,1.0,0,4,1,7.0,3.0,1.0,1.0,21.0,0,2
503851,2025-02-02T18:00:00Z,20,43023,Sporting Clube de Portugal,4-4-2,home,HOME_TEAM,3,1,68.0,9.0,10.0,10.0,4.0,0.0,0,1,0,2.0,19.0,7.0,8.0,11.0,3,1
503851,2025-02-02T18:00:00Z,20,43023,SC Farense,5-4-1,away,HOME_TEAM,3,1,32.0,1.0,8.0,10.0,12.0,2.0,0,0,0,4.0,8.0,3.0,3.0,23.0,1,3
503849,2025-02-02T20:30:00Z,20,6243,CF Estrela da Amadora,3-4-3,home,AWAY_TEAM,2,3,40.0,0.0,12.0,9.0,5.0,1.0,0,3,0,6.0,7.0,3.0,4.0,13.0,2,3
503849,2025-02-02T20:30:00Z,20,6243,Sport Lisboa e Benfica,4-3-3,away,AWAY_TEAM,2,3,60.0,7.0,9.0,13.0,10.0,0.0,0,2,0,1.0,13.0,8.0,3.0,19.0,3,2
503848,2025-02-03T18:45:00Z,20,2175,Moreirense FC,4-2-3-1,home,AWAY_TEAM,1,2,41.0,1.0,11.0,12.0,5.0,4.0,0,2,0,4.0,11.0,9.0,1.0,29.0,1,2
503848,2025-02-03T18:45:00Z,20,2175,Sporting Clube de Braga,4-2-3-1,away,AWAY_TEAM,1,2,59.0,9.0,11.0,15.0,1.0,1.0,0,1,0,8.0,13.0,6.0,4.0,21.0,2,1
503847,2025-02-03T20:45:00Z,20,5250,Rio Ave FC,4-2-3-1,home,DRAW,2,2,31.0,3.0,17.0,10.0,10.0,5.0,1,1,0,7.0,7.0,3.0,3.0,17.0,2,2
503847,2025-02-03T20:45:00Z,20,5250,FC Porto,3-4-2-1,away,DRAW,2,2,69.0,5.0,6.0,22.0,6.0,4.0,0,3,0,1.0,22.0,9.0,6.0,23.0,2,2
503837,2025-02-07T20:15:00Z,21,49193,FC Porto,3-1-4-2,home,DRAW,1,1,51.0,6.0,16.0,15.0,8.0,2.0,0,2,0,2.0,17.0,2.0,7.0,14.0,1,1
503837,2025-02-07T20:15:00Z,21,49193,Sporting Clube de Portugal,4-2-3-1,away,DRAW,1,1,49.0,3.0,14.0,18.0,9.0,1.0,2,4,0,1.0,12.0,3.0,6.0,13.0,1,1
503841,2025-02-08T15:30:00Z,21,1135,AVS,3-4-3,home,AWAY_TEAM,1,2,55.0,2.0,12.0,15.0,5.0,2.0,0,2,0,2.0,9.0,3.0,5.0,29.0,1,2
503841,2025-02-08T15:30:00Z,21,1135,CD Santa Clara,3-4-3,away,AWAY_TEAM,1,2,45.0,3.0,14.0,14.0,7.0,1.0,0,1,0,2.0,6.0,3.0,2.0,21.0,2,1
503839,2025-02-08T18:00:00Z,21,58189,Sport Lisboa e Benfica,4-3-3,home,HOME_TEAM,3,2,57.0,6.0,14.0,8.0,4.0,0.0,0,0,0,3.0,9.0,6.0,3.0,23.0,3,2
503839,2025-02-08T18:00:00Z,21,58189,Moreirense FC,4-3-3,away,HOME_TEAM,3,2,43.0,6.0,8.0,14.0,5.0,0.0,0,1,0,1.0,9.0,5.0,4.0,21.0,2,3
503843,2025-02-08T20:30:00Z,21,3297,FC Famalicão,4-2-3-1,home,DRAW,0,0,36.0,4.0,15.0,17.0,7.0,1.0,0,2,0,3.0,10.0,5.0,2.0,18.0,0,0
503843,2025-02-08T20:30:00Z,21,3297,Vitória SC,4-2-3-1,away,DRAW,0,0,64.0,11.0,15.0,16.0,4.0,2.0,0,2,0,5.0,11.0,3.0,4.0,23.0,0,0
503838,2025-02-09T15:30:00Z,21,3064,GD Estoril Praia,3-4-2-1,home,HOME_TEAM,2,1,57.0,5.0,26.0,20.0,4.0,0.0,0,2,0,6.0,11.0,4.0,5.0,13.0,2,1
503838,2025-02-09T15:30:00Z,21,3064,Boavista FC,5-4-1,away,HOME_TEAM,2,1,43.0,3.0,15.0,26.0,7.0,5.0,0,1,0,2.0,9.0,7.0,1.0,12.0,1,2
503844,2025-02-09T15:30:00Z,21,5830,SC Farense,3-4-3,home,AWAY_TEAM,0,2,62.0,12.0,16.0,14.0,6.0,3.0,1,1,0,2.0,18.0,7.0,7.0,27.0,0,2
503844,2025-02-09T15:30:00Z,21,5830,CD Nacional,4-2-3-1,away,AWAY_TEAM,0,2,38.0,3.0,14.0,19.0,12.0,0.0,0,3,1,7.0,11.0,4.0,4.0,17.0,2,0
503840,2025-02-09T18:00:00Z,21,12304,Sporting Clube de Braga,4-2-3-1,home,HOME_TEAM,2,0,60.0,4.0,19.0,12.0,5.0,0.0,0,0,0,4.0,13.0,5.0,6.0,14.0,2,0
503840,2025-02-09T18:00:00Z,21,12304,Gil Vicente FC,5-3-2,away,HOME_TEAM,2,0,40.0,2.0,9.0,19.0,11.0,3.0,1,0,0,3.0,6.0,4.0,1.0,12.0,0,2
503845,2025-02-09T20:30:00Z,21,1042,Casa Pia AC,3-4-3,home,HOME_TEAM,1,0,57.0,5.0,16.0,14.0,4.0,1.0,0,4,0,2.0,11.0,4.0,6.0,5.0,1,0
503845,2025-02-09T20:30:00Z,21,1042,CF Estrela da Amadora,3-4-3,away,HOME_TEAM,1,0,43.0,2.0,14.0,17.0,9.0,0.0,0,4,0,3.0,7.0,2.0,3.0,9.0,0,1
503842,2025-02-10T20:15:00Z,21,1245,FC Arouca,4-2-3-1,home,DRAW,1,1,53.0,6.0,21.0,13.0,9.0,4.0,0,0,0,3.0,18.0,5.0,7.0,12.0,1,1
503842,2025-02-10T20:15:00Z,21,1245,Rio Ave FC,4-2-3-1,away,DRAW,1,1,47.0,3.0,10.0,25.0,8.0,3.0,0,1,0,4.0,13.0,4.0,5.0,29.0,1,1
503835,2025-02-14T20:15:00Z,22,4494,Boavista FC,3-4-3,home,AWAY_TEAM,0,1,49.0,7.0,18.0,10.0,6.0,3.0,0,2,0,5.0,12.0,3.0,8.0,20.0,0,1
503835,2025-02-14T20:15:00Z,22,4494,CF Estrela da Amadora,3-4-2-1,away,AWAY_TEAM,0,1,51.0,4.0,10.0,21.0,6.0,0.0,0,2,0,3.0,8.0,6.0,2.0,20.0,1,0
503828,2025-02-15T15:30:00Z,22,1629,Moreirense FC,4-3-3,home,HOME_TEAM,3,2,46.0,4.0,17.0,14.0,12.0,1.0,0,3,0,2.0,11.0,4.0,2.0,14.0,3,2
503828,2025-02-15T15:30:00Z,22,1629,Casa Pia AC,3-4-3,away,HOME_TEAM,3,2,54.0,5.0,14.0,18.0,3.0,0.0,0,1,0,1.0,15.0,4.0,6.0,32.0,2,3
503832,2025-02-15T17:00:00Z,22,1784,CD Nacional,4-3-3,home,DRAW,2,2,51.0,7.0,14.0,13.0,4.0,5.0,0,3,0,2.0,15.0,6.0,6.0,29.0,2,2
503832,2025-02-15T17:00:00Z,22,1784,GD Estoril Praia,3-4-2-1,away,DRAW,2,2,49.0,3.0,13.0,19.0,8.0,0.0,0,3,0,5.0,5.0,4.0,0.0,20.0,2,2
503831,2025-02-15T18:00:00Z,22,9933,CD Santa Clara,5-4-1,home,AWAY_TEAM,0,1,47.0,2.0,18.0,13.0,13.0,1.0,0,5,1,7.0,8.0,4.0,2.0,24.0,0,1
503831,2025-02-15T18:00:00Z,22,9933,Sport Lisboa e Benfica,4-4-2,away,AWAY_TEAM,0,1,53.0,5.0,11.0,19.0,4.0,2.0,0,2,0,4.0,17.0,8.0,8.0,23.0,1,0
503830,2025-02-15T20:30:00Z,22,39258,Sporting Clube de Portugal,4-2-3-1,home,DRAW,2,2,61.0,9.0,4.0,12.0,8.0,1.0,0,2,1,3.0,18.0,8.0,6.0,23.0,2,2
503830,2025-02-15T20:30:00Z,22,39258,FC Arouca,4-2-3-1,away,DRAW,2,2,39.0,9.0,12.0,5.0,12.0,0.0,0,2,0,6.0,17.0,4.0,9.0,13.0,2,2
503836,2025-02-16T15:30:00Z,22,2206,Rio Ave FC,4-2-3-1,home,DRAW,1,1,58.0,2.0,12.0,20.0,13.0,1.0,0,6,0,2.0,11.0,2.0,4.0,29.0,1,1
503836,2025-02-16T15:30:00Z,22,2206,AVS,4-2-3-1,away,DRAW,1,1,42.0,4.0,19.0,13.0,15.0,1.0,0,1,0,1.0,9.0,3.0,4.0,27.0,1,1
503834,2025-02-16T18:00:00Z,22,15302,SC Farense,5-4-1,home,AWAY_TEAM,0,1,32.0,2.0,15.0,9.0,10.0,4.0,1,4,0,1.0,9.0,3.0,6.0,18.0,0,1
503834,2025-02-16T18:00:00Z,22,15302,FC Porto,3-4-1-2,away,AWAY_TEAM,0,1,68.0,4.0,9.0,19.0,10.0,0.0,0,2,0,3.0,14.0,2.0,7.0,21.0,1,0
503829,2025-02-16T20:30:00Z,22,28133,Vitória SC,4-2-3-1,home,DRAW,0,0,45.0,7.0,11.0,9.0,7.0,1.0,0,5,0,3.0,9.0,1.0,7.0,32.0,0,0
503829,2025-02-16T20:30:00Z,22,28133,Sporting Clube de Braga,4-2-3-1,away,DRAW,0,0,55.0,4.0,9.0,12.0,12.0,0.0,0,3,0,1.0,4.0,3.0,1.0,14.0,0,0
503833,2025-02-17T20:15:00Z,22,4490,Gil Vicente FC,4-1-4-1,home,AWAY_TEAM,0,2,52.0,5.0,11.0,17.0,8.0,1.0,0,2,0,3.0,13.0,2.0,9.0,20.0,0,2
503833,2025-02-17T20:15:00Z,22,4490,FC Famalicão,4-2-3-1,away,AWAY_TEAM,0,2,48.0,11.0,17.0,12.0,15.0,0.0,0,2,0,2.0,18.0,5.0,8.0,19.0,2,0
503822,2025-02-21T20:15:00Z,23,7872,Sporting Clube de Braga,4-2-3-1,home,HOME_TEAM,1,0,55.0,7.0,14.0,16.0,7.0,0.0,0,1,0,3.0,15.0,7.0,4.0,20.0,1,0
503822,2025-02-21T20:15:00Z,23,7872,CD Nacional,4-3-3,away,HOME_TEAM,1,0,45.0,6.0,14.0,14.0,7.0,2.0,0,2,0,6.0,8.0,3.0,4.0,24.0,0,1
503827,2025-02-22T15:30:00Z,23,1135,Casa Pia AC,3-4-3,home,HOME_TEAM,1,0,41.0,2.0,15.0,11.0,7.0,0.0,0,1,0,2.0,8.0,1.0,6.0,11.0,1,0
503827,2025-02-22T15:30:00Z,23,1135,Gil Vicente FC,4-3-3,away,HOME_TEAM,1,0,59.0,5.0,9.0,15.0,12.0,2.0,0,2,0,0.0,6.0,2.0,2.0,20.0,0,1
503819,2025-02-22T18:00:00Z,23,58022,Sport Lisboa e Benfica,3-4-3,home,HOME_TEAM,3,0,70.0,13.0,10.0,6.0,6.0,1.0,0,0,0,2.0,30.0,14.0,11.0,15.0,3,0
503819,2025-02-22T18:00:00Z,23,58022,Boavista FC,3-4-2-1,away,HOME_TEAM,3,0,30.0,2.0,5.0,11.0,19.0,1.0,1,2,0,11.0,6.0,2.0,3.0,16.0,0,3
503826,2025-02-22T20:30:00Z,23,2721,GD Estoril Praia,3-4-3,home,HOME_TEAM,2,1,51.0,0.0,14.0,11.0,3.0,2.0,0,2,0,3.0,11.0,4.0,5.0,18.0,2,1
503826,2025-02-22T20:30:00Z,23,2721,Rio Ave FC,4-2-3-1,away,HOME_TEAM,2,1,49.0,4.0,8.0,16.0,6.0,3.0,0,1,0,2.0,7.0,4.0,2.0,22.0,1,2
503821,2025-02-23T15:30:00Z,23,3481,CF Estrela da Amadora,3-4-3,home,DRAW,0,0,52.0,5.0,12.0,20.0,4.0,1.0,0,3,0,1.0,8.0,2.0,3.0,27.0,0,0
503821,2025-02-23T15:30:00Z,23,3481,CD Santa Clara,3-4-3,away,DRAW,0,0,48.0,2.0,19.0,13.0,7.0,1.0,0,1,0,3.0,4.0,1.0,2.0,22.0,0,0
503824,2025-02-23T15:30:00Z,23,1705,FC Arouca,4-2-3-1,home,DRAW,2,2,55.0,4.0,15.0,18.0,10.0,0.0,0,2,0,5.0,10.0,5.0,1.0,20.0,2,2
503824,2025-02-23T15:30:00Z,23,1705,SC Farense,3-4-3,away,DRAW,2,2,45.0,9.0,16.0,15.0,6.0,2.0,0,3,0,2.0,15.0,7.0,7.0,24.0,2,2
503823,2025-02-23T18:00:00Z,23,4262,AVS,4-4-2,home,DRAW,2,2,42.0,4.0,21.0,10.0,7.0,2.0,0,5,0,1.0,8.0,4.0,1.0,18.0,2,2
503823,2025-02-23T18:00:00Z,23,4262,Sporting Clube de Portugal,3-4-2-1,away,DRAW,2,2,58.0,5.0,10.0,23.0,2.0,0.0,0,4,1,2.0,9.0,3.0,4.0,22.0,2,2
503825,2025-02-23T20:30:00Z,23,3641,FC Famalicão,4-2-3-1,home,HOME_TEAM,2,0,51.0,3.0,17.0,18.0,5.0,0.0,0,3,0,5.0,14.0,4.0,7.0,16.0,2,0
503825,2025-02-23T20:30:00Z,23,3641,Moreirense FC,4-2-3-1,away,HOME_TEAM,2,0,49.0,1.0,17.0,17.0,13.0,1.0,0,2,0,2.0,7.0,5.0,2.0,27.0,0,2
503820,2025-02-24T20:15:00Z,23,44142,FC Porto,3-4-2-1,home,DRAW,1,1,57.0,6.0,20.0,18.0,6.0,1.0,0,2,0,2.0,14.0,2.0,6.0,29.0,1,1
503820,2025-02-24T20:15:00Z,23,44142,Vitória SC,4-2-3-1,away,DRAW,1,1,43.0,7.0,16.0,21.0,12.0,2.0,0,1,0,1.0,10.0,3.0,4.0,18.0,1,1
503818,2025-03-01T15:30:00Z,24,1466,CD Nacional,4-2-3-1,home,HOME_TEAM,2,1,57.0,1.0,20.0,15.0,13.0,2.0,0,3,0,3.0,14.0,7.0,5.0,24.0,2,1
503818,2025-03-01T15:30:00Z,24,1466,FC Famalicão,4-2-3-1,away,HOME_TEAM,2,1,43.0,6.0,13.0,22.0,8.0,2.0,0,4,0,5.0,15.0,4.0,7.0,19.0,1,2
503816,2025-03-01T18:00:00Z,24,3114,FC Arouca,4-2-3-1,home,AWAY_TEAM,0,2,48.0,4.0,12.0,12.0,12.0,3.0,0,2,0,0.0,6.0,3.0,2.0,16.0,0,2
503816,2025-03-01T18:00:00Z,24,3114,FC Porto,3-4-2-1,away,AWAY_TEAM,0,2,52.0,2.0,11.0,15.0,6.0,1.0,0,2,0,3.0,8.0,2.0,3.0,17.0,2,0
503810,2025-03-01T20:30:00Z,24,14798,Vitória SC,4-2-3-1,home,HOME_TEAM,1,0,63.0,7.0,7.0,16.0,6.0,6.0,0,4,0,2.0,16.0,6.0,8.0,19.0,1,0
503810,2025-03-01T20:30:00Z,24,14798,Casa Pia AC,3-4-3,away,HOME_TEAM,1,0,37.0,2.0,16.0,13.0,11.0,0.0,0,6,0,5.0,7.0,2.0,4.0,15.0,0,1
503814,2025-03-02T15:30:00Z,24,5864,Boavista FC,3-4-3,home,HOME_TEAM,1,0,38.0,9.0,10.0,19.0,12.0,0.0,0,4,0,1.0,10.0,6.0,3.0,14.0,1,0
503814,2025-03-02T15:30:00Z,24,5864,CD Santa Clara,3-4-3,away,HOME_TEAM,1,0,62.0,5.0,18.0,10.0,6.0,1.0,0,3,0,5.0,12.0,1.0,5.0,28.0,0,1
503815,2025-03-02T15:30:00Z,24,1498,Moreirense FC,4-2-3-1,home,DRAW,1,1,62.0,4.0,19.0,13.0,6.0,0.0,0,2,0,0.0,11.0,2.0,7.0,30.0,1,1
503815,2025-03-02T15:30:00Z,24,1498,CF Estrela da Amadora,3-4-3,away,DRAW,1,1,38.0,1.0,13.0,19.0,10.0,0.0,0,4,0,1.0,5.0,1.0,3.0,20.0,1,1
503817,2025-03-02T18:00:00Z,24,5967,SC Farense,3-4-3,home,AWAY_TEAM,0,1,44.0,6.0,15.0,12.0,5.0,0.0,0,2,0,2.0,14.0,6.0,7.0,20.0,0,1
503817,2025-03-02T18:00:00Z,24,5967,AVS,4-3-3,away,AWAY_TEAM,0,1,56.0,1.0,12.0,15.0,14.0,0.0,0,2,0,6.0,4.0,3.0,1.0,31.0,1,0
503812,2025-03-02T20:30:00Z,24,5250,Rio Ave FC,4-2-3-1,home,HOME_TEAM,2,1,39.0,2.0,8.0,12.0,7.0,2.0,0,2,0,6.0,12.0,6.0,6.0,19.0,2,1
503812,2025-03-02T20:30:00Z,24,5250,Sporting Clube de Braga,4-2-3-1,away,HOME_TEAM,2,1,61.0,5.0,12.0,10.0,9.0,0.0,0,5,0,4.0,13.0,7.0,4.0,19.0,1,2
503813,2025-03-03T20:15:00Z,24,36505,Sporting Clube de Portugal,3-4-2-1,home,HOME_TEAM,3,1,53.0,6.0,9.0,11.0,9.0,1.0,0,1,0,2.0,13.0,8.0,4.0,15.0,3,1
503813,2025-03-03T20:15:00Z,24,36505,GD Estoril Praia,3-4-3,away,HOME_TEAM,3,1,47.0,6.0,9.0,10.0,4.0,2.0,1,1,0,5.0,7.0,3.0,3.0,21.0,1,3
503808,2025-03-07T20:15:00Z,25,1945,CF Estrela da Amadora,3-4-3,home,DRAW,1,1,40.0,7.0,23.0,11.0,9.0,2.0,0,5,0,1.0,6.0,3.0,2.0,22.0,1,1
503808,2025-03-07T20:15:00Z,25,1945,Gil Vicente FC,4-3-3,away,DRAW,1,1,60.0,7.0,11.0,25.0,7.0,0.0,0,2,0,2.0,9.0,2.0,5.0,20.0,1,1
503802,2025-03-08T15:30:00Z,25,759,AVS,4-3-3,home,AWAY_TEAM,0,1,45.0,1.0,18.0,15.0,14.0,0.0,0,1,0,4.0,5.0,1.0,3.0,28.0,0,1
503802,2025-03-08T15:30:00Z,25,759,FC Arouca,4-2-3-1,away,AWAY_TEAM,0,1,55.0,7.0,14.0,18.0,9.0,1.0,0,1,0,1.0,13.0,5.0,6.0,28.0,1,0
503809,2025-03-08T18:00:00Z,25,1487,GD Estoril Praia,3-4-3,home,DRAW,2,2,61.0,4.0,15.0,24.0,10.0,0.0,0,2,0,3.0,13.0,4.0,7.0,22.0,2,2
503809,2025-03-08T18:00:00Z,25,1487,SC Farense,3-4-3,away,DRAW,2,2,39.0,7.0,18.0,15.0,11.0,6.0,0,1,0,2.0,13.0,4.0,7.0,17.0,2,2
503803,2025-03-08T18:00:00Z,25,52543,Sport Lisboa e Benfica,3-4-2-1,home,HOME_TEAM,3,0,43.0,5.0,8.0,11.0,5.0,4.0,0,0,0,4.0,19.0,12.0,5.0,13.0,3,0
503803,2025-03-08T18:00:00Z,25,52543,CD Nacional,4-1-4-1,away,HOME_TEAM,3,0,57.0,3.0,10.0,12.0,12.0,1.0,0,3,0,10.0,11.0,4.0,4.0,17.0,0,3
503801,2025-03-08T20:30:00Z,25,15922,Sporting Clube de Braga,4-2-3-1,home,HOME_TEAM,1,0,47.0,7.0,16.0,18.0,5.0,2.0,1,2,0,3.0,7.0,4.0,3.0,16.0,1,0
503801,2025-03-08T20:30:00Z,25,15922,FC Porto,3-4-3,away,HOME_TEAM,1,0,53.0,3.0,14.0,18.0,4.0,4.0,0,4,0,3.0,7.0,3.0,3.0,29.0,0,1
503806,2025-03-09T15:30:00Z,25,-1,CD Santa Clara,3-4-3,home,DRAW,1,1,52.0,4.0,16.0,11.0,9.0,2.0,0,1,0,2.0,12.0,4.0,5.0,29.0,1,1
503806,2025-03-09T15:30:00Z,25,-1,Moreirense FC,4-2-3-1,away,DRAW,1,1,48.0,3.0,11.0,18.0,8.0,0.0,0,2,0,3.0,9.0,3.0,3.0,24.0,1,1
503805,2025-03-09T18:00:00Z,25,6823,Casa Pia AC,3-4-3,home,AWAY_TEAM,1,3,47.0,4.0,7.0,10.0,8.0,2.0,0,4,0,1.0,4.0,3.0,1.0,23.0,1,3
503805,2025-03-09T18:00:00Z,25,6823,Sporting Clube de Portugal,3-4-3,away,AWAY_TEAM,1,3,53.0,4.0,10.0,9.0,9.0,0.0,0,3,0,3.0,6.0,4.0,2.0,21.0,3,1
503804,2025-03-09T20:30:00Z,25,16820,Boavista FC,3-4-3,home,AWAY_TEAM,1,2,41.0,2.0,15.0,16.0,12.0,1.0,0,2,0,7.0,5.0,2.0,2.0,13.0,1,2
503804,2025-03-09T20:30:00Z,25,16820,Vitória SC,4-2-3-1,away,AWAY_TEAM,1,2,59.0,7.0,16.0,16.0,8.0,0.0,0,1,0,1.0,16.0,8.0,6.0,19.0,2,1
503807,2025-03-10T20:15:00Z,25,1780,FC Famalicão,4-2-3-1,home,HOME_TEAM,1,0,55.0,5.0,19.0,15.0,9.0,0.0,0,1,0,2.0,13.0,6.0,6.0,12.0,1,0
503807,2025-03-10T20:15:00Z,25,1780,Rio Ave FC,4-2-3-1,away,HOME_TEAM,1,0,45.0,1.0,12.0,19.0,10.0,3.0,0,2,0,5.0,9.0,2.0,6.0,20.0,0,1
503794,2025-03-15T15:30:00Z,26,6064,SC Farense,4-4-2,home,AWAY_TEAM,0,1,46.0,12.0,18.0,14.0,6.0,4.0,0,2,0,3.0,12.0,4.0,4.0,32.0,0,1
503794,2025-03-15T15:30:00Z,26,6064,Sporting Clube de Braga,4-2-3-1,away,AWAY_TEAM,0,1,54.0,4.0,14.0,22.0,9.0,0.0,0,1,0,5.0,9.0,4.0,2.0,25.0,1,0
503798,2025-03-15T15:30:00Z,26,4248,Gil Vicente FC,4-1-4-1,home,AWAY_TEAM,0,1,62.0,5.0,13.0,22.0,4.0,0.0,0,2,0,0.0,10.0,1.0,6.0,30.0,0,1
503798,2025-03-15T15:30:00Z,26,4248,CD Santa Clara,3-4-3,away,AWAY_TEAM,0,1,38.0,0.0,17.0,13.0,12.0,5.0,0,2,0,1.0,3.0,1.0,2.0,16.0,1,0
503800,2025-03-15T18:00:00Z,26,37286,FC Porto,4-2-3-1,home,HOME_TEAM,2,0,66.0,4.0,19.0,8.0,5.0,1.0,0,3,0,2.0,21.0,9.0,9.0,19.0,2,0
503800,2025-03-15T18:00:00Z,26,37286,AVS,4-2-3-1,away,HOME_TEAM,2,0,34.0,3.0,8.0,20.0,15.0,0.0,0,3,1,7.0,8.0,2.0,5.0,17.0,0,2
503799,2025-03-15T20:30:00Z,26,41791,Sporting Clube de Portugal,3-4-2-1,home,HOME_TEAM,3,1,59.0,11.0,10.0,14.0,10.0,0.0,1,4,0,2.0,19.0,8.0,5.0,22.0,3,1
503799,2025-03-15T20:30:00Z,26,41791,FC Famalicão,4-3-3,away,HOME_TEAM,3,1,41.0,4.0,13.0,10.0,10.0,1.0,0,1,0,5.0,8.0,3.0,3.0,18.0,1,3
503792,2025-03-16T15:30:00Z,26,1556,CD Nacional,4-1-4-1,home,HOME_TEAM,3,1,52.0,2.0,12.0,12.0,14.0,1.0,0,2,0,2.0,12.0,6.0,4.0,24.0,3,1
503792,2025-03-16T15:30:00Z,26,1556,Casa Pia AC,3-4-3,away,HOME_TEAM,3,1,48.0,5.0,11.0,13.0,5.0,1.0,0,1,0,3.0,11.0,3.0,6.0,16.0,1,3
503797,2025-03-16T15:30:00Z,26,1643,FC Arouca,4-3-3,home,DRAW,1,1,35.0,3.0,12.0,16.0,7.0,5.0,0,0,0,2.0,3.0,1.0,1.0,27.0,1,1
503797,2025-03-16T15:30:00Z,26,1643,GD Estoril Praia,3-4-3,away,DRAW,1,1,65.0,4.0,14.0,17.0,3.0,2.0,0,1,0,0.0,10.0,3.0,3.0,27.0,1,1
503793,2025-03-16T18:00:00Z,26,4753,Rio Ave FC,4-2-3-1,home,AWAY_TEAM,2,3,40.0,3.0,5.0,6.0,5.0,0.0,0,2,1,2.0,5.0,2.0,2.0,6.0,2,3
503793,2025-03-16T18:00:00Z,26,4753,Sport Lisboa e Benfica,4-3-3,away,AWAY_TEAM,2,3,60.0,11.0,4.0,5.0,3.0,2.0,0,1,0,0.0,8.0,5.0,1.0,5.0,3,2
503795,2025-03-16T20:30:00Z,26,13974,Vitória SC,4-2-3-1,home,HOME_TEAM,2,0,57.0,8.0,15.0,19.0,7.0,0.0,0,1,0,0.0,13.0,7.0,4.0,22.0,2,0
503795,2025-03-16T20:30:00Z,26,13974,CF Estrela da Amadora,3-4-3,away,HOME_TEAM,2,0,43.0,2.0,15.0,15.0,8.0,4.0,0,2,0,5.0,6.0,0.0,6.0,21.0,0,2
503796,2025-03-16T20:30:00Z,26,1521,Moreirense FC,4-2-3-1,home,HOME_TEAM,1,0,57.0,6.0,14.0,13.0,5.0,1.0,0,4,0,3.0,20.0,3.0,12.0,18.0,1,0
503796,2025-03-16T20:30:00Z,26,1521,Boavista FC,4-1-4-1,away,HOME_TEAM,1,0,43.0,3.0,13.0,15.0,17.0,0.0,1,6,0,2.0,7.0,3.0,0.0,20.0,0,1
503811,2025-03-28T20:15:00Z,24,11010,Gil Vicente FC,4-1-4-1,home,AWAY_TEAM,0,3,43.0,5.0,8.0,15.0,12.0,0.0,0,4,0,4.0,7.0,2.0,4.0,17.0,0,3
503811,2025-03-28T20:15:00Z,24,11010,Sport Lisboa e Benfica,4-3-3,away,AWAY_TEAM,0,3,57.0,2.0,15.0,8.0,5.0,0.0,0,2,0,2.0,18.0,7.0,6.0,17.0,3,0
503788,2025-03-29T15:30:00Z,27,1206,Casa Pia AC,3-4-3,home,HOME_TEAM,2,1,52.0,7.0,18.0,16.0,7.0,0.0,0,5,0,4.0,10.0,3.0,6.0,22.0,2,1
503788,2025-03-29T15:30:00Z,27,1206,Rio Ave FC,4-4-2,away,HOME_TEAM,2,1,48.0,4.0,13.0,18.0,12.0,3.0,0,1,0,1.0,11.0,5.0,5.0,15.0,1,2
503790,2025-03-29T18:00:00Z,27,7031,CF Estrela da Amadora,3-4-3,home,AWAY_TEAM,0,3,36.0,3.0,16.0,20.0,8.0,1.0,1,6,1,4.0,7.0,0.0,4.0,23.0,0,3
503790,2025-03-29T18:00:00Z,27,7031,Sporting Clube de Portugal,3-4-2-1,away,AWAY_TEAM,0,3,64.0,2.0,19.0,17.0,4.0,1.0,0,1,0,0.0,13.0,7.0,5.0,11.0,3,0
503786,2025-03-29T20:30:00Z,27,12122,Sporting Clube de Braga,4-2-3-1,home,HOME_TEAM,2,1,64.0,7.0,13.0,13.0,6.0,1.0,0,2,0,0.0,15.0,6.0,3.0,21.0,2,1
503786,2025-03-29T20:30:00Z,27,12122,FC Arouca,4-4-2,away,HOME_TEAM,2,1,36.0,1.0,11.0,14.0,5.0,2.0,0,2,0,4.0,6.0,1.0,3.0,18.0,1,2
503785,2025-03-30T14:30:00Z,27,4163,FC Famalicão,4-2-3-1,home,HOME_TEAM,4,1,58.0,4.0,14.0,17.0,6.0,2.0,0,2,0,0.0,12.0,5.0,7.0,19.0,4,1
503785,2025-03-30T14:30:00Z,27,4163,AVS,4-2-3-1,away,HOME_TEAM,4,1,42.0,2.0,17.0,16.0,12.0,0.0,0,2,0,1.0,4.0,1.0,2.0,17.0,1,4
503789,2025-03-30T14:30:00Z,27,2038,CD Santa Clara,3-4-3,home,HOME_TEAM,1,0,38.0,3.0,21.0,17.0,9.0,4.0,0,3,0,5.0,12.0,6.0,6.0,21.0,1,0
503789,2025-03-30T14:30:00Z,27,2038,CD Nacional,4-3-3,away,HOME_TEAM,1,0,62.0,4.0,17.0,25.0,12.0,0.0,0,2,1,5.0,9.0,5.0,4.0,31.0,0,1
503791,2025-03-30T17:00:00Z,27,4762,GD Estoril Praia,3-4-3,home,AWAY_TEAM,1,2,38.0,1.0,18.0,12.0,7.0,1.0,0,4,0,4.0,3.0,2.0,1.0,12.0,1,2
503791,2025-03-30T17:00:00Z,27,4762,FC Porto,3-4-3,away,AWAY_TEAM,1,2,62.0,6.0,10.0,19.0,5.0,2.0,0,2,0,1.0,12.0,6.0,5.0,21.0,2,1
503784,2025-03-30T19:30:00Z,27,3795,Moreirense FC,4-2-3-1,home,DRAW,2,2,40.0,2.0,7.0,13.0,4.0,0.0,0,2,0,1.0,11.0,3.0,5.0,15.0,2,2
503784,2025-03-30T19:30:00Z,27,3795,Vitória SC,4-2-3-1,away,DRAW,2,2,60.0,3.0,13.0,7.0,8.0,0.0,0,2,0,1.0,10.0,3.0,4.0,17.0,2,2
503787,2025-04-01T19:15:00Z,27,4731,Boavista FC,4-3-3,home,AWAY_TEAM,1,3,41.0,3.0,21.0,14.0,4.0,3.0,1,1,0,6.0,8.0,3.0,3.0,29.0,1,3
503787,2025-04-01T19:15:00Z,27,4731,Gil Vicente FC,4-2-3-1,away,AWAY_TEAM,1,3,59.0,3.0,12.0,24.0,6.0,2.0,0,2,1,2.0,14.0,9.0,2.0,11.0,3,1
503783,2025-04-02T19:15:00Z,27,51790,Sport Lisboa e Benfica,4-3-3,home,HOME_TEAM,3,2,67.0,5.0,14.0,13.0,8.0,4.0,0,1,0,6.0,9.0,6.0,3.0,17.0,3,2
503783,2025-04-02T19:15:00Z,27,51790,SC Farense,5-3-2,away,HOME_TEAM,3,2,33.0,4.0,11.0,18.0,8.0,2.0,0,1,0,3.0,13.0,8.0,2.0,12.0,2,3
503780,2025-04-04T19:15:00Z,28,743,AVS,4-3-3,home,AWAY_TEAM,0,3,45.0,4.0,12.0,13.0,5.0,4.0,0,3,0,5.0,8.0,1.0,5.0,20.0,0,3
503780,2025-04-04T19:15:00Z,28,743,GD Estoril Praia,3-4-3,away,AWAY_TEAM,0,3,55.0,3.0,13.0,16.0,5.0,0.0,0,1,0,1.0,13.0,8.0,4.0,26.0,3,0
503782,2025-04-05T17:00:00Z,28,1699,FC Arouca,4-2-3-1,home,AWAY_TEAM,1,2,57.0,3.0,2.0,7.0,5.0,0.0,0,3,0,2.0,15.0,6.0,7.0,13.0,1,2
503782,2025-04-05T17:00:00Z,28,1699,FC Famalicão,4-1-4-1,away,AWAY_TEAM,1,2,43.0,7.0,6.0,2.0,11.0,1.0,0,5,0,5.0,6.0,4.0,2.0,8.0,2,1
503779,2025-04-05T19:30:00Z,28,15143,Vitória SC,4-2-3-1,home,HOME_TEAM,2,0,58.0,7.0,9.0,12.0,14.0,0.0,0,1,0,5.0,9.0,3.0,3.0,14.0,2,0
503779,2025-04-05T19:30:00Z,28,15143,CD Santa Clara,3-4-3,away,HOME_TEAM,2,0,42.0,6.0,11.0,9.0,4.0,1.0,0,2,0,1.0,15.0,5.0,8.0,17.0,0,2
503781,2025-04-06T14:30:00Z,28,5981,Gil Vicente FC,4-2-3-1,home,AWAY_TEAM,0,1,54.0,7.0,14.0,15.0,6.0,0.0,0,3,0,2.0,13.0,5.0,7.0,25.0,0,1
503781,2025-04-06T14:30:00Z,28,5981,Moreirense FC,4-2-3-1,away,AWAY_TEAM,0,1,46.0,0.0,14.0,14.0,10.0,1.0,0,4,0,5.0,8.0,3.0,5.0,23.0,1,0
503778,2025-04-06T17:00:00Z,28,1872,CD Nacional,4-2-3-1,home,AWAY_TEAM,0,1,54.0,7.0,15.0,14.0,8.0,5.0,0,1,0,2.0,18.0,5.0,6.0,26.0,0,1
503778,2025-04-06T17:00:00Z,28,1872,CF Estrela da Amadora,3-4-3,away,AWAY_TEAM,0,1,46.0,5.0,13.0,20.0,13.0,1.0,0,2,0,5.0,8.0,3.0,4.0,20.0,1,0
503777,2025-04-06T19:30:00Z,28,50033,FC Porto,3-4-3,home,AWAY_TEAM,1,4,61.0,2.0,12.0,12.0,6.0,3.0,0,3,0,3.0,13.0,3.0,6.0,21.0,1,4
503777,2025-04-06T19:30:00Z,28,50033,Sport Lisboa e Benfica,4-3-3,away,AWAY_TEAM,1,4,39.0,6.0,10.0,15.0,12.0,2.0,0,1,0,2.0,14.0,7.0,3.0,15.0,4,1
503774,2025-04-07T17:45:00Z,28,5527,SC Farense,4-4-2,home,DRAW,0,0,47.0,13.0,17.0,16.0,7.0,2.0,0,4,0,0.0,4.0,1.0,2.0,14.0,0,0
503774,2025-04-07T17:45:00Z,28,5527,Casa Pia AC,3-4-3,away,DRAW,0,0,53.0,3.0,14.0,19.0,6.0,2.0,0,2,0,1.0,3.0,0.0,3.0,11.0,0,0
503776,2025-04-07T19:15:00Z,28,1060,Rio Ave FC,4-2-3-1,home,AWAY_TEAM,0,2,61.0,9.0,16.0,14.0,2.0,1.0,0,3,0,3.0,17.0,5.0,11.0,14.0,0,2
503776,2025-04-07T19:15:00Z,28,1060,Boavista FC,3-4-3,away,AWAY_TEAM,0,2,39.0,2.0,11.0,17.0,15.0,3.0,0,2,0,5.0,5.0,4.0,0.0,17.0,2,0
503775,2025-04-07T19:45:00Z,28,45626,Sporting Clube de Portugal,3-4-2-1,home,DRAW,1,1,57.0,4.0,13.0,19.0,10.0,2.0,0,3,0,1.0,9.0,5.0,4.0,20.0,1,1
503775,2025-04-07T19:45:00Z,28,45626,Sporting Clube de Braga,4-2-3-1,away,DRAW,1,1,43.0,0.0,19.0,15.0,7.0,0.0,0,4,1,4.0,6.0,2.0,2.0,20.0,1,1
503766,2025-04-11T19:15:00Z,29,6588,Gil Vicente FC,4-2-3-1,home,AWAY_TEAM,0,1,48.0,1.0,11.0,21.0,9.0,2.0,0,1,0,0.0,5.0,1.0,4.0,24.0,0,1
503766,2025-04-11T19:15:00Z,29,6588,Vitória SC,4-2-3-1,away,AWAY_TEAM,0,1,52.0,5.0,20.0,13.0,8.0,1.0,0,5,0,1.0,6.0,1.0,4.0,18.0,1,0
503767,2025-04-12T14:30:00Z,29,3003,FC Famalicão,4-2-3-1,home,HOME_TEAM,3,0,44.0,3.0,21.0,22.0,9.0,3.0,0,3,0,2.0,10.0,4.0,5.0,12.0,3,0
503767,2025-04-12T14:30:00Z,29,3003,GD Estoril Praia,3-4-2-1,away,HOME_TEAM,3,0,56.0,8.0,22.0,24.0,7.0,0.0,0,4,0,1.0,5.0,2.0,2.0,22.0,0,3
503769,2025-04-12T14:30:00Z,29,6280,Boavista FC,3-4-3,home,AWAY_TEAM,0,1,48.0,7.0,16.0,12.0,8.0,2.0,1,3,0,5.0,21.0,9.0,5.0,25.0,0,1
503769,2025-04-12T14:30:00Z,29,6280,CD Nacional,4-2-3-1,away,AWAY_TEAM,0,1,52.0,7.0,11.0,18.0,10.0,1.0,0,4,0,8.0,16.0,6.0,6.0,25.0,1,0
503771,2025-04-12T17:00:00Z,29,8914,CD Santa Clara,3-4-3,home,AWAY_TEAM,0,1,40.0,3.0,17.0,13.0,16.0,1.0,0,4,0,3.0,10.0,1.0,6.0,23.0,0,1
503771,2025-04-12T17:00:00Z,29,8914,Sporting Clube de Portugal,3-4-3,away,AWAY_TEAM,0,1,60.0,3.0,11.0,18.0,11.0,2.0,0,2,0,1.0,8.0,4.0,3.0,20.0,1,0
503770,2025-04-12T19:30:00Z,29,3649,Casa Pia AC,3-4-1-2,home,AWAY_TEAM,0,1,48.0,4.0,15.0,13.0,5.0,2.0,0,2,0,2.0,4.0,2.0,2.0,7.0,0,1
503770,2025-04-12T19:30:00Z,29,3649,FC Porto,3-4-2-1,away,AWAY_TEAM,0,1,52.0,3.0,13.0,17.0,3.0,0.0,0,2,0,2.0,8.0,3.0,3.0,20.0,1,0
503773,2025-04-13T14:30:00Z,29,4103,CF Estrela da Amadora,3-4-3,home,AWAY_TEAM,0,1,61.0,7.0,22.0,12.0,8.0,5.0,0,1,0,5.0,11.0,4.0,5.0,24.0,0,1
503773,2025-04-13T14:30:00Z,29,4103,SC Farense,4-4-2,away,AWAY_TEAM,0,1,39.0,3.0,10.0,27.0,6.0,2.0,0,0,0,4.0,12.0,6.0,4.0,26.0,1,0
503765,2025-04-13T17:00:00Z,29,14529,Sporting Clube de Braga,4-2-3-1,home,HOME_TEAM,4,1,64.0,7.0,10.0,6.0,2.0,1.0,0,2,0,1.0,17.0,9.0,6.0,14.0,4,1
503765,2025-04-13T17:00:00Z,29,14529,AVS,5-4-1,away,HOME_TEAM,4,1,36.0,3.0,4.0,11.0,8.0,2.0,0,2,0,5.0,2.0,2.0,0.0,17.0,1,4
503768,2025-04-13T17:00:00Z,29,61581,Sport Lisboa e Benfica,4-3-3,home,DRAW,2,2,59.0,11.0,4.0,13.0,3.0,2.0,0,1,0,3.0,23.0,6.0,9.0,25.0,2,2
503768,2025-04-13T17:00:00Z,29,61581,FC Arouca,4-4-2,away,DRAW,2,2,41.0,5.0,11.0,6.0,16.0,2.0,0,3,0,4.0,8.0,5.0,1.0,24.0,2,2
503772,2025-04-13T19:30:00Z,29,1388,Moreirense FC,4-2-3-1,home,AWAY_TEAM,0,2,45.0,2.0,12.0,28.0,9.0,0.0,0,3,0,2.0,8.0,1.0,4.0,32.0,0,2
503772,2025-04-13T19:30:00Z,29,1388,Rio Ave FC,4-2-3-1,away,AWAY_TEAM,0,2,55.0,2.0,26.0,12.0,4.0,2.0,0,5,0,1.0,11.0,4.0,4.0,24.0,2,0
503756,2025-04-18T14:30:00Z,30,6171,SC Farense,5-3-2,home,AWAY_TEAM,0,1,54.0,4.0,8.0,17.0,9.0,0.0,0,0,0,1.0,11.0,4.0,5.0,24.0,0,1
503756,2025-04-18T14:30:00Z,30,6171,Boavista FC,4-2-3-1,away,AWAY_TEAM,0,1,46.0,4.0,14.0,8.0,14.0,3.0,0,5,0,4.0,3.0,2.0,1.0,33.0,1,0
503760,2025-04-18T14:30:00Z,30,921,Rio Ave FC,4-1-4-1,home,DRAW,1,1,50.0,6.0,13.0,13.0,13.0,1.0,0,2,0,4.0,8.0,3.0,4.0,20.0,1,1
503760,2025-04-18T14:30:00Z,30,921,CD Santa Clara,3-4-3,away,DRAW,1,1,50.0,4.0,13.0,14.0,9.0,0.0,0,2,0,2.0,12.0,5.0,6.0,19.0,1,1
503764,2025-04-18T17:00:00Z,30,39286,FC Porto,3-4-3,home,HOME_TEAM,2,1,55.0,4.0,12.0,13.0,9.0,0.0,1,2,0,3.0,7.0,5.0,2.0,15.0,2,1
503764,2025-04-18T17:00:00Z,30,39286,FC Famalicão,4-1-4-1,away,HOME_TEAM,2,1,45.0,5.0,11.0,12.0,3.0,2.0,0,3,0,3.0,11.0,4.0,4.0,16.0,1,2
503761,2025-04-18T19:30:00Z,30,44558,Sporting Clube de Portugal,3-4-2-1,home,HOME_TEAM,3,1,59.0,4.0,6.0,15.0,2.0,2.0,0,2,0,1.0,23.0,12.0,7.0,11.0,3,1
503761,2025-04-18T19:30:00Z,30,44558,Moreirense FC,4-2-3-1,away,HOME_TEAM,3,1,41.0,2.0,13.0,8.0,11.0,2.0,0,3,0,9.0,6.0,2.0,2.0,6.0,1,3
503759,2025-04-19T14:30:00Z,30,2998,CD Nacional,4-3-3,home,AWAY_TEAM,0,3,58.0,9.0,7.0,11.0,5.0,2.0,1,0,0,2.0,18.0,7.0,7.0,20.0,0,3
503759,2025-04-19T14:30:00Z,30,2998,Gil Vicente FC,4-2-3-1,away,AWAY_TEAM,0,3,42.0,0.0,11.0,9.0,9.0,0.0,0,3,0,7.0,9.0,5.0,2.0,24.0,3,0
503762,2025-04-19T14:30:00Z,30,2057,AVS,3-4-2-1,home,DRAW,1,1,35.0,3.0,11.0,11.0,8.0,0.0,0,7,0,2.0,6.0,3.0,2.0,19.0,1,1
503762,2025-04-19T14:30:00Z,30,2057,Casa Pia AC,3-4-2-1,away,DRAW,1,1,65.0,4.0,7.0,11.0,4.0,4.0,0,2,0,2.0,5.0,3.0,1.0,32.0,1,1
503758,2025-04-19T17:00:00Z,30,3656,GD Estoril Praia,3-4-3,home,AWAY_TEAM,0,2,42.0,1.0,10.0,16.0,4.0,1.0,0,1,0,1.0,5.0,3.0,1.0,29.0,0,2
503758,2025-04-19T17:00:00Z,30,3656,Sporting Clube de Braga,4-2-3-1,away,AWAY_TEAM,0,2,58.0,2.0,15.0,11.0,4.0,1.0,0,0,0,3.0,5.0,3.0,1.0,26.0,2,0
503763,2025-04-19T17:00:00Z,30,1227,FC Arouca,4-4-2,home,HOME_TEAM,1,0,57.0,4.0,17.0,19.0,8.0,2.0,0,4,0,4.0,16.0,5.0,5.0,26.0,1,0
503763,2025-04-19T17:00:00Z,30,1227,CF Estrela da Amadora,3-4-3,away,HOME_TEAM,1,0,43.0,4.0,14.0,19.0,8.0,5.0,0,4,0,4.0,8.0,4.0,4.0,20.0,0,1
503757,2025-04-19T19:30:00Z,30,23341,Vitória SC,4-2-3-1,home,AWAY_TEAM,0,3,56.0,7.0,10.0,16.0,1.0,3.0,0,2,0,2.0,16.0,7.0,6.0,19.0,0,3
503757,2025-04-19T19:30:00Z,30,23341,Sport Lisboa e Benfica,4-2-3-1,away,AWAY_TEAM,0,3,44.0,3.0,12.0,13.0,12.0,4.0,0,4,0,7.0,6.0,5.0,0.0,16.0,3,0
503750,2025-04-25T19:30:00Z,31,4665,FC Famalicão,4-2-3-1,home,DRAW,1,1,46.0,6.0,15.0,19.0,9.0,0.0,0,1,0,2.0,9.0,4.0,4.0,21.0,1,1
503750,2025-04-25T19:30:00Z,31,4665,Sporting Clube de Braga,4-2-3-1,away,DRAW,1,1,54.0,9.0,15.0,15.0,8.0,4.0,0,4,0,3.0,10.0,1.0,4.0,17.0,1,1
503748,2025-04-26T14:30:00Z,31,1534,CD Santa Clara,3-4-3,home,HOME_TEAM,2,0,44.0,3.0,14.0,15.0,11.0,3.0,0,4,0,6.0,8.0,3.0,2.0,27.0,2,0
503748,2025-04-26T14:30:00Z,31,1534,FC Arouca,4-2-3-1,away,HOME_TEAM,2,0,56.0,5.0,14.0,17.0,7.0,1.0,0,5,0,2.0,15.0,5.0,7.0,16.0,0,2
503749,2025-04-26T17:00:00Z,31,5611,Gil Vicente FC,4-2-3-1,home,HOME_TEAM,1,0,54.0,4.0,15.0,13.0,7.0,0.0,0,1,0,2.0,10.0,2.0,6.0,23.0,1,0
503749,2025-04-26T17:00:00Z,31,5611,SC Farense,4-4-2,away,HOME_TEAM,1,0,46.0,1.0,13.0,15.0,10.0,0.0,0,2,0,2.0,6.0,2.0,4.0,28.0,0,1
503754,2025-04-26T19:30:00Z,31,4273,CF Estrela da Amadora,4-3-3,home,HOME_TEAM,2,0,41.0,5.0,19.0,13.0,5.0,1.0,0,5,0,4.0,11.0,4.0,3.0,11.0,2,0
503754,2025-04-26T19:30:00Z,31,4273,FC Porto,3-4-2-1,away,HOME_TEAM,2,0,59.0,11.0,12.0,20.0,7.0,1.0,0,3,0,3.0,8.0,4.0,1.0,24.0,0,2
503753,2025-04-27T14:30:00Z,31,1214,Moreirense FC,4-2-3-1,home,DRAW,1,1,55.0,2.0,10.0,16.0,8.0,0.0,0,1,0,2.0,8.0,2.0,4.0,22.0,1,1
503753,2025-04-27T14:30:00Z,31,1214,CD Nacional,4-2-3-1,away,DRAW,1,1,45.0,5.0,13.0,10.0,7.0,3.0,0,0,0,1.0,15.0,3.0,8.0,22.0,1,1
503747,2025-04-27T17:00:00Z,31,58102,Sport Lisboa e Benfica,3-4-2-1,home,HOME_TEAM,6,0,56.0,10.0,11.0,12.0,5.0,6.0,0,1,0,3.0,17.0,9.0,5.0,16.0,6,0
503747,2025-04-27T17:00:00Z,31,58102,AVS,3-4-3,away,HOME_TEAM,6,0,44.0,4.0,11.0,17.0,11.0,1.0,0,3,0,3.0,8.0,3.0,4.0,14.0,0,6
503751,2025-04-27T17:00:00Z,31,17304,Vitória SC,4-2-3-1,home,HOME_TEAM,3,0,55.0,9.0,16.0,9.0,7.0,3.0,0,1,0,4.0,19.0,7.0,9.0,17.0,3,0
503751,2025-04-27T17:00:00Z,31,17304,Rio Ave FC,4-2-3-1,away,HOME_TEAM,3,0,45.0,1.0,7.0,19.0,12.0,2.0,0,2,0,5.0,9.0,4.0,4.0,18.0,0,3
503752,2025-04-27T19:30:00Z,31,18322,Boavista FC,5-4-1,home,AWAY_TEAM,0,5,39.0,3.0,15.0,17.0,8.0,2.0,0,3,0,7.0,4.0,0.0,3.0,17.0,0,5
503752,2025-04-27T19:30:00Z,31,18322,Sporting Clube de Portugal,3-4-2-1,away,AWAY_TEAM,0,5,61.0,5.0,13.0,17.0,5.0,4.0,0,4,0,0.0,23.0,12.0,5.0,16.0,5,0
503755,2025-04-29T19:30:00Z,31,1032,Casa Pia AC,3-4-2-1,home,AWAY_TEAM,1,3,45.0,4.0,13.0,18.0,5.0,3.0,1,2,0,1.0,8.0,4.0,2.0,23.0,1,3
503755,2025-04-29T19:30:00Z,31,1032,GD Estoril Praia,3-4-2-1,away,AWAY_TEAM,1,3,55.0,4.0,13.0,16.0,9.0,5.0,1,1,0,3.0,11.0,4.0,4.0,12.0,3,1
503743,2025-05-02T19:15:00Z,32,27374,FC Porto,3-4-2-1,home,HOME_TEAM,3,1,71.0,9.0,15.0,14.0,0.0,1.0,0,3,0,2.0,13.0,3.0,5.0,17.0,3,1
503743,2025-05-02T19:15:00Z,32,27374,Moreirense FC,4-2-3-1,away,HOME_TEAM,3,1,29.0,2.0,10.0,16.0,10.0,4.0,0,3,0,0.0,4.0,3.0,1.0,15.0,1,3
503740,2025-05-03T14:30:00Z,32,1911,CD Nacional,5-4-1,home,AWAY_TEAM,1,2,50.0,6.0,16.0,13.0,9.0,2.0,0,2,0,1.0,17.0,1.0,10.0,20.0,1,2
503740,2025-05-03T14:30:00Z,32,1911,Vitória SC,4-2-3-1,away,AWAY_TEAM,1,2,50.0,3.0,12.0,18.0,11.0,1.0,0,3,0,0.0,8.0,3.0,4.0,18.0,2,1
503746,2025-05-03T14:30:00Z,32,4171,SC Farense,4-1-2-1-2,home,HOME_TEAM,2,1,59.0,4.0,21.0,19.0,4.0,4.0,0,7,0,3.0,17.0,8.0,3.0,30.0,2,1
503746,2025-05-03T14:30:00Z,32,4171,FC Famalicão,4-2-3-1,away,HOME_TEAM,2,1,41.0,10.0,19.0,25.0,8.0,0.0,1,3,0,6.0,9.0,4.0,0.0,26.0,1,2
503742,2025-05-03T17:00:00Z,32,14901,Sporting Clube de Braga,4-2-3-1,home,DRAW,1,1,66.0,8.0,16.0,16.0,3.0,1.0,0,0,0,2.0,15.0,4.0,7.0,23.0,1,1
503742,2025-05-03T17:00:00Z,32,14901,CD Santa Clara,3-4-3,away,DRAW,1,1,34.0,0.0,15.0,17.0,13.0,1.0,0,6,0,3.0,5.0,3.0,1.0,19.0,1,1
503739,2025-05-03T19:30:00Z,32,5026,GD Estoril Praia,3-5-2,home,AWAY_TEAM,1,2,48.0,2.0,12.0,12.0,7.0,0.0,0,2,0,2.0,8.0,3.0,4.0,19.0,1,2
503739,2025-05-03T19:30:00Z,32,5026,Sport Lisboa e Benfica,4-2-3-1,away,AWAY_TEAM,1,2,52.0,4.0,9.0,12.0,8.0,3.0,0,2,0,2.0,10.0,4.0,5.0,12.0,2,1
503745,2025-05-04T17:00:00Z,32,1032,FC Arouca,4-2-3-1,home,DRAW,0,0,60.0,5.0,8.0,8.0,5.0,2.0,0,2,0,0.0,7.0,0.0,6.0,9.0,0,0
503745,2025-05-04T17:00:00Z,32,1032,Casa Pia AC,3-4-3,away,DRAW,0,0,40.0,0.0,8.0,10.0,13.0,0.0,1,6,0,0.0,2.0,0.0,2.0,14.0,0,0
503738,2025-05-04T19:30:00Z,32,44666,Sporting Clube de Portugal,3-4-2-1,home,HOME_TEAM,2,1,67.0,9.0,12.0,12.0,1.0,1.0,0,3,0,0.0,13.0,4.0,7.0,32.0,2,1
503738,2025-05-04T19:30:00Z,32,44666,Gil Vicente FC,4-2-3-1,away,HOME_TEAM,2,1,33.0,2.0,9.0,13.0,17.0,3.0,0,3,0,2.0,1.0,1.0,0.0,15.0,1,2
503741,2025-05-05T18:30:00Z,32,689,Rio Ave FC,4-2-3-1,home,HOME_TEAM,2,0,52.0,5.0,17.0,19.0,5.0,4.0,0,4,0,3.0,18.0,7.0,7.0,16.0,2,0
503741,2025-05-05T18:30:00Z,32,689,CF Estrela da Amadora,4-3-3,away,HOME_TEAM,2,0,48.0,3.0,15.0,21.0,10.0,4.0,0,6,0,5.0,6.0,3.0,2.0,22.0,0,2
503744,2025-05-05T19:15:00Z,32,2605,AVS,4-2-3-1,home,AWAY_TEAM,1,2,45.0,4.0,17.0,10.0,8.0,2.0,0,4,0,0.0,9.0,6.0,3.0,25.0,1,2
503744,2025-05-05T19:15:00Z,32,2605,Boavista FC,4-2-3-1,away,AWAY_TEAM,1,2,55.0,5.0,9.0,19.0,5.0,1.0,0,2,0,5.0,11.0,2.0,6.0,19.0,2,1
503735,2025-05-10T14:30:00Z,33,1618,CD Santa Clara,3-4-3,home,HOME_TEAM,2,1,51.0,3.0,23.0,13.0,10.0,3.0,0,6,1,1.0,14.0,6.0,6.0,23.0,2,1
503735,2025-05-10T14:30:00Z,33,1618,FC Famalicão,4-2-3-1,away,HOME_TEAM,2,1,49.0,6.0,13.0,26.0,13.0,0.0,1,2,0,4.0,8.0,2.0,1.0,27.0,1,2
503736,2025-05-10T14:30:00Z,33,1568,CD Nacional,4-2-3-1,home,DRAW,3,3,53.0,4.0,9.0,16.0,6.0,1.0,0,1,0,4.0,12.0,3.0,5.0,23.0,3,3
503736,2025-05-10T14:30:00Z,33,1568,Rio Ave FC,4-2-3-1,away,DRAW,3,3,47.0,5.0,13.0,10.0,10.0,3.0,0,4,0,1.0,12.0,8.0,1.0,18.0,3,3
503737,2025-05-10T17:00:00Z,33,63478,Sport Lisboa e Benfica,4-3-3,home,DRAW,1,1,60.0,6.0,24.0,14.0,5.0,1.0,0,4,0,3.0,13.0,1.0,5.0,27.0,1,1
503737,2025-05-10T17:00:00Z,33,63478,Sporting Clube de Portugal,3-4-2-1,away,DRAW,1,1,40.0,2.0,13.0,25.0,11.0,1.0,0,2,0,2.0,7.0,4.0,2.0,11.0,1,1
503730,2025-05-10T19:30:00Z,33,1342,Casa Pia AC,3-4-3,home,HOME_TEAM,2,1,47.0,2.0,18.0,16.0,12.0,2.0,0,0,0,5.0,6.0,3.0,2.0,20.0,2,1
503730,2025-05-10T19:30:00Z,33,1342,Sporting Clube de Braga,4-2-3-1,away,HOME_TEAM,2,1,53.0,7.0,13.0,20.0,3.0,3.0,0,0,0,1.0,20.0,6.0,9.0,19.0,1,2
503731,2025-05-10T19:30:00Z,33,6819,Gil Vicente FC,4-2-3-1,home,DRAW,1,1,51.0,4.0,18.0,14.0,7.0,0.0,0,1,0,4.0,12.0,5.0,5.0,18.0,1,1
503731,2025-05-10T19:30:00Z,33,6819,FC Arouca,4-2-3-1,away,DRAW,1,1,49.0,1.0,14.0,18.0,9.0,0.0,0,3,0,4.0,9.0,5.0,3.0,10.0,1,1
503734,2025-05-11T14:30:00Z,33,6728,CF Estrela da Amadora,4-2-3-1,home,AWAY_TEAM,0,1,48.0,1.0,10.0,11.0,15.0,1.0,0,0,0,0.0,11.0,2.0,5.0,16.0,0,1
503734,2025-05-11T14:30:00Z,33,6728,AVS,4-2-3-1,away,AWAY_TEAM,0,1,52.0,6.0,9.0,11.0,13.0,2.0,0,3,0,3.0,15.0,1.0,9.0,26.0,1,0
503729,2025-05-11T17:00:00Z,33,1472,Moreirense FC,4-2-3-1,home,DRAW,2,2,39.0,2.0,20.0,19.0,11.0,3.0,0,4,0,3.0,6.0,4.0,2.0,23.0,2,2
503729,2025-05-11T17:00:00Z,33,1472,GD Estoril Praia,3-4-3,away,DRAW,2,2,61.0,7.0,17.0,23.0,6.0,2.0,0,4,0,2.0,7.0,5.0,1.0,22.0,2,2
503732,2025-05-11T17:00:00Z,33,20226,Vitória SC,4-2-3-1,home,AWAY_TEAM,1,2,64.0,16.0,12.0,7.0,4.0,1.0,0,4,0,1.0,11.0,3.0,8.0,24.0,1,2
503732,2025-05-11T17:00:00Z,33,20226,SC Farense,5-3-2,away,AWAY_TEAM,1,2,36.0,3.0,5.0,13.0,14.0,2.0,0,4,0,2.0,6.0,3.0,3.0,12.0,2,1
503733,2025-05-11T19:30:00Z,33,14860,Boavista FC,4-2-3-1,home,AWAY_TEAM,1,2,44.0,0.0,11.0,18.0,6.0,11.0,0,3,1,5.0,7.0,4.0,1.0,18.0,1,2
503733,2025-05-11T19:30:00Z,33,14860,FC Porto,3-4-3,away,AWAY_TEAM,1,2,56.0,4.0,17.0,22.0,4.0,1.0,0,1,1,3.0,14.0,7.0,5.0,13.0,2,1
503721,2025-05-16T18:00:00Z,34,909,Rio Ave FC,4-1-4-1,home,DRAW,1,1,59.0,6.0,11.0,10.0,4.0,2.0,0,1,0,3.0,6.0,3.0,1.0,23.0,1,1
503721,2025-05-16T18:00:00Z,34,909,Gil Vicente FC,4-2-3-1,away,DRAW,1,1,41.0,7.0,8.0,13.0,3.0,2.0,0,0,0,2.0,11.0,3.0,4.0,16.0,1,1
503724,2025-05-16T18:00:00Z,34,4130,FC Famalicão,4-2-3-1,home,HOME_TEAM,2,1,56.0,13.0,14.0,15.0,6.0,1.0,0,2,0,1.0,20.0,4.0,10.0,18.0,2,1
503724,2025-05-16T18:00:00Z,34,4130,Casa Pia AC,3-4-3,away,HOME_TEAM,2,1,44.0,4.0,15.0,15.0,12.0,0.0,0,6,0,2.0,4.0,2.0,2.0,21.0,1,2
503719,2025-05-17T17:00:00Z,34,2386,GD Estoril Praia,3-4-2-1,home,HOME_TEAM,4,0,47.0,4.0,16.0,16.0,8.0,0.0,0,2,0,3.0,9.0,6.0,3.0,15.0,4,0
503719,2025-05-17T17:00:00Z,34,2386,CF Estrela da Amadora,4-3-3,away,HOME_TEAM,4,0,53.0,4.0,12.0,16.0,7.0,4.0,0,2,0,2.0,8.0,3.0,2.0,20.0,0,4
503722,2025-05-17T17:00:00Z,34,49155,Sporting Clube de Portugal,3-4-2-1,home,HOME_TEAM,2,0,56.0,7.0,14.0,20.0,3.0,1.0,0,3,0,0.0,17.0,8.0,7.0,10.0,2,0
503722,2025-05-17T17:00:00Z,34,49155,Vitória SC,4-2-3-1,away,HOME_TEAM,2,0,44.0,1.0,18.0,15.0,11.0,2.0,0,4,0,6.0,3.0,0.0,3.0,13.0,0,2
503723,2025-05-17T17:00:00Z,34,20198,Sporting Clube de Braga,4-2-3-1,home,DRAW,1,1,48.0,6.0,16.0,9.0,11.0,0.0,0,3,1,1.0,19.0,9.0,6.0,13.0,1,1
503723,2025-05-17T17:00:00Z,34,20198,Sport Lisboa e Benfica,4-3-3,away,DRAW,1,1,52.0,6.0,6.0,16.0,7.0,3.0,0,2,0,8.0,14.0,2.0,7.0,22.0,1,1
503725,2025-05-17T17:00:00Z,34,34674,FC Porto,3-4-3,home,HOME_TEAM,3,0,55.0,2.0,8.0,12.0,5.0,2.0,0,1,0,5.0,11.0,5.0,4.0,16.0,3,0
503725,2025-05-17T17:00:00Z,34,34674,CD Nacional,5-4-1,away,HOME_TEAM,3,0,45.0,8.0,11.0,10.0,5.0,1.0,0,6,1,2.0,10.0,5.0,5.0,11.0,0,3
503726,2025-05-17T17:00:00Z,34,2247,AVS,4-2-3-1,home,AWAY_TEAM,0,3,44.0,3.0,23.0,13.0,11.0,2.0,0,6,1,7.0,9.0,3.0,4.0,18.0,0,3
503726,2025-05-17T17:00:00Z,34,2247,Moreirense FC,4-2-3-1,away,AWAY_TEAM,0,3,56.0,4.0,10.0,25.0,9.0,3.0,0,3,0,3.0,15.0,10.0,4.0,21.0,3,0
503727,2025-05-17T17:00:00Z,34,2911,FC Arouca,4-2-3-1,home,HOME_TEAM,4,1,55.0,2.0,14.0,14.0,12.0,4.0,0,1,0,3.0,12.0,6.0,5.0,21.0,4,1
503727,2025-05-17T17:00:00Z,34,2911,Boavista FC,4-2-3-1,away,HOME_TEAM,4,1,45.0,11.0,13.0,18.0,8.0,1.0,0,2,0,2.0,11.0,4.0,5.0,19.0,1,4
503728,2025-05-17T17:00:00Z,34,5954,SC Farense,4-1-3-2,home,AWAY_TEAM,1,2,61.0,3.0,13.0,19.0,13.0,0.0,0,2,0,5.0,9.0,4.0,4.0,35.0,1,2
503728,2025-05-17T17:00:00Z,34,5954,CD Santa Clara,4-3-3,away,AWAY_TEAM,1,2,39.0,6.0,19.0,13.0,11.0,0.0,0,5,0,3.0,15.0,5.0,7.0,15.0,2,1
